Dog Number,Dog Name,Inappropriate behavior at home in the presence of people,Inappropriate behavior when left alone,Improper behavior in classes / work,Fear of dogs behind fences,Fear of vehicular traffic while walking down the street,Anxiety about driving inside a car,Fear of dogs without a leash on the street,Fear of stairs,Fear of escalators,Fear of heights,What is the discipline of the dog?,"Responding to the ""To me"" command",Suspicious behavior towards strangers,Making needs while walking,Behavior that is inappropriate with people,Behavior that is inappropriate with dogs,Possessive aggression toward dogs,A desire to chase cats,Noise sensitivity,Sensitivity to walking surfaces,Sensitivity to Dressing Dog-Vest,Difficulty in physical examination,Does the dog exhibit multiple snoring,Having walking troubles,Free text,Entry Date,target
1,Yossi1,2,3,3,4,3,4,2,5,3,2,5,2,2,2,2,3,4,2,3,5,2,4,2,1,No problems,5/5/2020 11:46,a
2,Yossi2,3,1,5,4,2,2,4,5,4,4,3,2,3,2,1,4,2,2,2,5,5,3,3,3,No problems,5/5/2020 11:42,b
3,Yossi3,1,3,2,3,2,2,2,5,5,2,4,5,4,2,3,3,4,3,3,4,2,3,2,2,No problems,4/5/2020 16:17,c
4,Yossi4,2,2,1,2,1,2,3,1,2,2,2,2,1,2,3,2,1,3,2,2,1,1,2,2,No problems,4/5/2020 16:15,a
5,Yossi5,2,3,3,2,2,2,2,2,2,1,2,2,2,3,1,3,3,1,1,1,1,2,2,2,No problems,4/5/2020 16:13,a
6,Yossi6,2,3,2,2,2,1,1,2,1,2,3,2,2,2,2,1,2,1,1,1,2,1,2,2,No problems,4/5/2020 16:11,a
7,Yossi7,1,2,2,3,2,3,3,2,1,2,3,1,1,1,3,2,2,2,2,2,3,2,2,2,No problems,4/5/2020 16:09,a
8,Yossi8,2,2,2,2,3,2,3,2,2,2,2,2,2,2,2,2,2,3,3,3,3,2,3,2,No problems,4/5/2020 16:07,a
9,Yossi9,2,2,3,2,3,2,1,2,1,1,2,3,2,1,2,2,3,3,2,2,2,2,1,3,No problems,4/5/2020 16:05,a
10,Yossi10,1,2,2,3,1,1,2,2,2,2,1,2,2,2,1,2,3,2,1,2,1,2,2,2,No problems,4/5/2020 16:03,a
11,Yossi11,3,2,1,2,3,1,3,2,3,3,2,1,2,2,3,2,2,1,2,2,1,2,2,1,No problems,4/5/2020 16:01,a
12,Yossi12,1,3,1,2,1,1,2,3,1,3,1,3,2,3,2,2,2,2,1,2,1,2,3,2,No problems,4/5/2020 15:59,a
13,Yossi13,3,2,3,1,3,1,2,1,2,3,2,3,2,2,1,3,2,1,2,2,2,2,3,2,No problems,4/5/2020 15:57,a
14,Yossi14,3,2,3,2,1,3,2,1,1,1,2,1,3,2,2,1,2,1,3,3,3,1,2,2,No problems,4/5/2020 15:55,a
15,Yossi15,3,2,3,2,3,3,2,3,2,2,3,3,1,1,2,1,1,2,3,2,2,1,3,2,No problems,4/5/2020 15:53,a
16,Yossi16,1,2,2,2,3,2,2,2,1,3,2,3,2,2,2,1,2,3,1,2,2,2,3,3,No problems,4/5/2020 15:51,a
17,Yossi17,1,1,2,1,2,2,3,2,3,2,1,3,2,1,2,2,1,1,1,3,1,3,2,1,No problems,4/5/2020 15:49,a
18,Yossi18,2,2,1,2,2,2,2,3,2,3,2,2,2,2,1,2,2,2,1,2,2,2,1,3,No problems,4/5/2020 15:47,a
19,Yossi19,2,1,3,1,1,1,2,1,2,3,2,3,3,2,2,1,1,3,2,2,2,3,2,3,No problems,4/5/2020 15:45,a
20,Yossi20,1,1,1,2,2,2,2,2,1,2,1,1,3,3,2,1,1,1,2,3,3,2,2,2,No problems,4/5/2020 15:43,a
21,Yossi21,2,2,3,2,1,3,2,2,3,2,2,2,2,2,2,2,2,2,3,1,3,2,2,3,No problems,4/5/2020 15:41,a
22,Yossi22,2,2,3,1,3,1,2,2,2,1,1,2,2,2,2,2,2,2,2,2,2,2,1,3,No problems,4/5/2020 15:39,a
23,Yossi23,2,2,2,3,1,1,1,2,2,1,2,3,2,2,2,1,1,2,1,3,3,1,2,2,No problems,4/5/2020 15:37,a
24,Yossi24,1,1,1,2,3,1,2,2,2,3,3,1,3,2,1,2,1,3,2,2,3,2,2,2,No problems,4/5/2020 15:35,a
25,Yossi25,2,1,2,3,2,2,1,2,2,3,2,3,2,1,3,1,1,2,1,2,2,2,2,3,No problems,4/5/2020 15:33,a
26,Yossi26,2,3,2,1,2,2,2,1,3,1,2,1,2,2,3,1,2,3,1,2,3,2,3,2,No problems,4/5/2020 15:31,a
27,Yossi27,2,2,2,2,3,3,2,1,2,3,2,1,2,2,1,1,1,3,2,1,2,3,1,1,No problems,4/5/2020 15:29,a
28,Yossi28,2,3,1,1,3,1,2,1,2,3,2,2,2,2,2,2,1,2,2,2,3,2,1,2,No problems,4/5/2020 15:27,a
29,Yossi29,2,2,3,2,1,2,1,2,1,3,2,1,2,2,2,2,2,1,2,2,3,1,1,2,No problems,4/5/2020 15:25,a
30,Yossi30,3,2,1,1,3,3,2,3,3,2,3,3,1,3,3,3,2,2,2,2,3,3,1,3,No problems,4/5/2020 15:23,a
31,Yossi31,2,2,1,3,1,1,2,2,2,2,3,1,2,1,1,2,1,1,1,1,2,2,2,1,No problems,4/5/2020 15:21,a
32,Yossi32,3,1,2,2,1,3,1,2,2,2,2,2,2,1,3,2,1,3,2,3,1,3,1,1,No problems,4/5/2020 15:19,a
33,Yossi33,2,3,2,3,2,2,2,1,2,2,2,2,2,2,3,2,2,3,2,3,1,2,2,2,No problems,4/5/2020 15:17,a
34,Yossi34,3,3,2,2,1,1,2,1,2,2,2,2,2,1,1,1,3,2,2,3,3,2,3,2,No problems,4/5/2020 15:15,a
35,Yossi35,1,1,2,2,2,2,1,2,3,1,2,3,2,1,2,2,2,1,2,3,1,2,1,2,No problems,4/5/2020 15:13,a
36,Yossi36,3,2,2,2,3,2,2,3,1,2,1,2,2,3,2,3,2,2,3,3,1,2,1,1,No problems,4/5/2020 15:11,a
37,Yossi37,2,2,2,2,3,3,2,2,2,1,1,2,1,2,1,2,3,2,1,3,1,1,2,2,No problems,4/5/2020 15:09,a
38,Yossi38,2,3,3,2,2,3,1,2,2,1,3,2,1,2,1,2,1,2,2,3,3,2,1,2,No problems,4/5/2020 15:07,a
39,Yossi39,2,3,1,2,2,1,2,2,2,3,2,3,3,3,1,3,2,1,3,3,2,3,3,1,No problems,4/5/2020 15:05,a
40,Yossi40,3,2,2,3,3,1,1,2,2,3,2,3,2,1,1,1,1,2,1,1,2,2,2,1,No problems,4/5/2020 15:03,a
41,Yossi41,1,2,2,1,2,3,1,2,2,2,3,3,1,1,2,3,1,1,2,3,1,2,2,1,No problems,4/5/2020 15:01,a
42,Yossi42,1,1,2,2,2,2,3,3,2,1,2,2,2,3,2,1,1,2,3,3,2,2,2,2,No problems,4/5/2020 14:59,a
43,Yossi43,2,2,2,2,3,3,2,2,3,1,2,2,2,3,2,2,3,2,2,1,3,2,3,2,No problems,4/5/2020 14:57,a
44,Yossi44,2,3,3,2,2,1,1,3,2,2,2,2,2,2,3,2,3,2,3,2,2,2,2,3,No problems,4/5/2020 14:55,a
45,Yossi45,3,2,2,3,3,2,2,2,2,1,2,2,2,3,3,2,3,2,1,3,1,1,1,2,No problems,4/5/2020 14:53,a
46,Yossi46,2,1,3,2,3,2,2,2,2,3,1,2,2,2,1,2,2,2,2,3,2,2,3,1,No problems,4/5/2020 14:51,a
47,Yossi47,3,2,1,1,1,1,2,3,3,2,2,3,3,1,1,2,2,2,1,3,3,2,3,2,No problems,4/5/2020 14:49,a
48,Yossi48,3,3,3,3,3,3,2,2,3,3,2,2,3,2,3,3,4,2,4,4,3,3,2,3,No problems,4/5/2020 14:47,b
49,Yossi49,3,3,4,3,2,4,2,3,3,3,3,3,3,3,3,2,4,3,3,3,2,3,3,2,No problems,4/5/2020 14:45,b
50,Yossi50,3,4,2,4,3,4,2,4,3,3,3,3,2,3,2,3,3,3,2,3,3,2,3,3,No problems,4/5/2020 14:43,b
51,Yossi51,3,3,4,4,3,2,3,3,3,2,4,3,2,4,2,3,3,3,3,4,3,4,3,3,No problems,4/5/2020 14:41,b
52,Yossi52,2,2,3,2,3,4,2,2,4,4,3,4,4,3,4,2,4,4,2,2,3,2,4,3,No problems,4/5/2020 14:39,b
53,Yossi53,3,3,3,2,3,4,3,3,4,3,3,2,4,3,3,4,2,4,2,4,3,3,3,2,No problems,4/5/2020 14:37,b
54,Yossi54,2,3,3,2,2,2,3,3,2,4,4,4,3,4,4,4,3,3,2,2,4,3,3,3,No problems,4/5/2020 14:35,b
55,Yossi55,3,3,3,3,3,4,3,3,3,3,4,2,3,4,2,3,3,2,3,3,4,4,3,4,No problems,4/5/2020 14:33,b
56,Yossi56,4,3,2,3,4,3,4,3,3,4,2,4,3,4,2,3,4,3,3,2,4,3,4,2,No problems,4/5/2020 14:31,b
57,Yossi57,2,2,3,4,3,4,3,3,4,3,2,3,2,3,2,4,3,2,2,2,4,4,3,3,No problems,4/5/2020 14:29,b
58,Yossi58,3,3,3,4,3,4,3,4,2,2,3,4,3,3,4,3,3,4,2,2,4,3,4,4,No problems,4/5/2020 14:27,b
59,Yossi59,3,3,3,3,3,2,3,3,2,3,3,2,2,2,4,3,3,3,3,3,4,2,3,3,No problems,4/5/2020 14:25,b
60,Yossi60,2,3,2,3,2,4,2,2,4,4,3,3,4,4,3,2,2,3,3,3,3,2,2,2,No problems,4/5/2020 14:23,b
61,Yossi61,2,4,2,4,3,3,2,2,3,4,4,3,4,3,4,4,2,3,4,4,3,3,4,4,No problems,4/5/2020 14:21,b
62,Yossi62,3,2,3,3,3,3,3,4,3,2,2,2,3,2,2,3,3,2,2,3,3,4,3,2,No problems,4/5/2020 14:19,b
63,Yossi63,2,4,4,4,3,4,3,3,3,3,2,2,3,2,4,3,3,4,3,3,2,3,3,2,No problems,4/5/2020 14:17,b
64,Yossi64,4,3,2,2,2,2,2,2,4,4,4,3,4,3,2,4,3,3,2,4,3,3,2,4,No problems,4/5/2020 14:15,b
65,Yossi65,3,4,3,4,3,2,4,2,2,4,4,3,3,3,2,2,4,2,3,4,2,4,2,3,No problems,4/5/2020 14:13,b
66,Yossi66,2,2,3,2,3,3,3,3,4,3,3,3,3,3,4,3,3,4,4,2,2,2,3,3,No problems,4/5/2020 14:11,b
67,Yossi67,3,3,3,4,4,3,3,3,3,4,3,4,2,2,2,2,3,3,3,3,3,3,2,4,No problems,4/5/2020 14:09,b
68,Yossi68,2,2,2,4,4,3,3,3,4,3,3,4,2,3,3,2,4,4,3,3,2,4,3,3,No problems,4/5/2020 14:07,b
69,Yossi69,3,4,2,3,3,2,4,4,3,4,4,4,3,2,3,3,3,3,4,4,2,4,4,3,No problems,4/5/2020 14:05,b
70,Yossi70,3,4,2,3,3,2,3,3,2,2,2,3,2,3,3,3,3,3,3,2,3,3,4,2,No problems,4/5/2020 14:03,b
71,Yossi71,3,4,2,2,3,3,3,4,2,4,3,3,3,2,3,2,3,2,2,4,3,2,4,2,No problems,4/5/2020 14:01,b
72,Yossi72,2,3,3,3,2,3,2,4,3,3,2,4,3,2,4,2,3,3,3,3,3,4,3,4,No problems,4/5/2020 13:59,b
73,Yossi73,2,2,3,3,3,3,4,2,4,3,3,3,3,4,3,4,3,4,3,2,3,3,3,3,No problems,4/5/2020 13:57,b
74,Yossi74,3,3,4,3,2,4,4,2,4,2,2,3,3,3,2,3,3,4,4,2,3,2,3,4,No problems,4/5/2020 13:55,b
75,Yossi75,4,3,3,4,3,3,3,3,3,4,2,3,3,4,3,3,3,3,3,2,3,4,3,3,No problems,4/5/2020 13:53,b
76,Yossi76,2,2,3,4,3,4,4,2,3,3,2,3,3,4,4,2,2,4,2,4,3,3,2,2,No problems,4/5/2020 13:51,b
77,Yossi77,2,3,3,2,4,2,4,4,2,2,3,3,2,3,2,4,3,2,3,2,3,3,3,2,No problems,4/5/2020 13:49,b
78,Yossi78,3,3,4,3,3,3,2,3,3,3,3,4,4,3,3,4,4,4,4,4,2,3,3,2,No problems,4/5/2020 13:47,b
79,Yossi79,2,3,3,2,2,3,3,3,3,3,3,3,3,3,3,4,4,3,3,4,3,4,3,3,No problems,4/5/2020 13:45,b
80,Yossi80,2,3,4,3,4,4,3,4,3,2,3,2,2,3,2,4,3,3,3,3,3,2,3,4,No problems,4/5/2020 13:43,b
81,Yossi81,4,3,4,3,4,4,3,3,3,4,3,3,4,2,2,4,3,3,2,2,3,2,3,3,No problems,4/5/2020 13:41,b
82,Yossi82,2,3,2,3,4,2,4,3,3,3,2,4,2,3,4,3,2,2,3,2,3,3,4,2,No problems,4/5/2020 13:39,b
83,Yossi83,2,3,4,2,2,3,3,3,3,4,3,4,2,4,2,3,3,2,3,3,3,2,3,3,No problems,4/5/2020 13:37,b
84,Yossi84,3,3,3,3,4,3,3,4,2,3,3,3,3,3,2,3,3,2,3,3,4,4,2,4,No problems,4/5/2020 13:35,b
85,Yossi85,3,3,4,2,2,3,2,4,3,3,4,3,2,3,4,4,4,4,2,4,4,3,2,3,No problems,4/5/2020 13:33,b
86,Yossi86,4,4,3,4,2,4,3,3,3,2,4,3,3,3,3,3,3,3,4,2,2,3,3,3,No problems,4/5/2020 13:31,b
87,Yossi87,2,4,3,3,3,3,3,4,3,3,2,3,3,3,3,2,2,3,4,2,3,3,2,3,No problems,4/5/2020 13:29,b
88,Yossi88,4,4,4,3,3,4,3,2,4,2,4,3,3,3,3,3,4,3,4,4,3,2,2,3,No problems,4/5/2020 13:27,b
89,Yossi89,2,3,4,4,2,3,2,3,4,2,3,4,2,3,3,3,4,3,2,4,3,4,3,4,No problems,4/5/2020 13:25,b
90,Yossi90,5,4,4,4,3,5,4,3,4,3,3,3,4,5,2,4,3,2,2,3,5,5,5,4,No problems,4/5/2020 13:23,c
91,Yossi91,3,4,3,5,3,2,2,5,3,2,2,2,4,4,5,4,3,5,3,4,3,4,4,4,No problems,4/5/2020 13:21,c
92,Yossi92,5,4,4,3,2,3,2,2,5,3,3,5,2,3,3,5,3,3,4,4,2,3,3,4,No problems,4/5/2020 13:19,c
93,Yossi93,3,4,4,4,4,5,4,3,3,5,4,3,3,3,4,4,3,4,3,4,5,5,3,3,No problems,4/5/2020 13:17,c
94,Yossi94,4,5,2,4,5,2,3,5,4,3,3,4,4,4,4,2,5,4,3,4,2,4,4,3,No problems,4/5/2020 13:15,c
95,Yossi95,5,5,5,5,2,4,2,3,3,5,4,3,5,4,3,2,3,2,3,5,2,5,4,2,No problems,4/5/2020 13:13,c
96,Yossi96,3,5,3,3,4,4,3,2,4,5,4,5,2,4,4,4,4,2,3,5,2,4,3,5,No problems,4/5/2020 13:11,c
97,Yossi97,4,3,2,3,2,3,4,4,4,5,4,2,2,3,4,4,3,5,4,5,4,3,5,3,No problems,4/5/2020 13:09,c
98,Yossi98,2,4,4,4,5,4,3,4,3,4,3,3,4,2,3,4,4,2,2,3,4,4,3,3,No problems,4/5/2020 13:07,c
99,Yossi99,3,3,3,3,4,4,4,5,5,3,4,4,3,4,2,2,3,4,4,3,4,3,4,4,No problems,4/5/2020 13:05,c
100,Yossi100,3,5,3,4,2,3,5,4,3,5,2,5,3,3,3,5,5,3,2,4,5,3,3,3,No problems,4/5/2020 13:03,c
101,Yossi101,4,4,3,4,4,2,5,2,4,3,3,5,3,4,3,3,4,4,3,3,2,3,4,3,No problems,4/5/2020 13:01,c
102,Yossi102,5,3,3,5,4,4,5,3,5,4,2,4,3,3,4,3,4,3,2,4,3,5,4,4,No problems,4/5/2020 12:59,c
103,Yossi103,3,5,4,5,4,3,3,2,4,3,3,3,3,3,3,3,3,3,3,4,4,4,5,2,No problems,4/5/2020 12:57,c
104,Yossi104,3,3,3,5,2,4,5,3,4,4,3,3,3,4,2,4,4,2,2,2,2,4,4,4,No problems,4/5/2020 12:55,c
105,Yossi105,4,4,3,5,2,4,2,3,4,2,3,4,5,3,4,3,3,3,5,4,3,2,4,4,No problems,4/5/2020 12:53,c
106,Yossi106,4,3,4,2,5,4,2,4,3,2,5,3,4,5,4,3,3,4,3,4,2,2,4,2,No problems,4/5/2020 12:51,c
107,Yossi107,2,3,2,4,4,3,3,3,3,2,3,3,2,3,4,5,4,4,5,5,5,4,3,3,No problems,4/5/2020 12:49,c
108,Yossi108,3,5,4,3,3,3,2,4,4,2,4,3,2,4,4,4,5,2,4,4,5,2,2,4,No problems,4/5/2020 12:47,c
109,Yossi109,4,4,3,4,3,2,4,5,3,4,2,5,3,3,3,3,2,3,3,4,3,2,5,4,No problems,4/5/2020 12:45,c
110,Yossi110,4,5,4,5,4,3,3,4,4,5,5,4,4,2,5,3,4,3,2,2,3,3,5,4,No problems,4/5/2020 12:43,c
111,Yossi111,5,3,2,2,4,3,5,5,4,4,5,4,2,2,4,4,2,5,2,4,4,5,3,3,No problems,4/5/2020 12:41,c
112,Yossi112,5,4,2,5,3,4,2,2,5,3,3,4,5,3,3,2,3,4,2,3,4,4,4,4,No problems,4/5/2020 12:39,c
113,Yossi113,5,5,4,3,2,2,3,3,5,3,3,2,3,3,2,3,5,5,5,3,4,3,4,2,No problems,4/5/2020 12:37,c
114,Yossi114,2,5,3,4,4,3,3,3,5,3,5,2,3,5,5,5,4,4,4,2,2,3,4,4,No problems,4/5/2020 12:35,c
115,Yossi115,2,4,2,2,4,3,4,4,4,4,4,2,5,5,3,3,5,2,3,4,4,3,4,4,No problems,4/5/2020 12:33,c
116,Yossi116,5,4,3,4,3,5,4,2,2,4,3,2,4,4,3,4,5,3,3,3,4,2,3,4,No problems,4/5/2020 12:31,c
117,Yossi117,3,4,4,3,4,3,4,5,3,2,4,4,2,5,4,4,2,5,5,3,4,5,3,5,No problems,4/5/2020 12:29,c
118,Yossi118,5,4,3,3,3,4,3,3,4,3,3,5,5,2,4,3,2,3,4,3,5,2,3,3,No problems,4/5/2020 12:27,c
119,Yossi119,5,3,3,4,3,3,3,3,3,3,3,5,3,3,4,4,3,4,4,2,2,3,4,3,No problems,4/5/2020 12:25,c
120,Yossi120,5,4,5,4,2,5,5,5,5,3,3,4,4,2,4,3,2,3,4,3,3,4,3,3,No problems,4/5/2020 12:23,c
121,Yossi121,3,3,3,4,3,2,3,3,3,3,3,4,4,2,3,5,3,5,4,3,3,4,4,4,No problems,4/5/2020 12:21,c
122,Yossi122,3,4,2,4,5,2,3,5,3,2,4,3,3,3,4,3,4,5,2,3,2,2,4,3,No problems,4/5/2020 12:19,c
123,Yossi123,4,2,4,2,3,5,5,3,3,4,5,3,2,3,3,4,2,3,4,4,4,3,3,2,No problems,4/5/2020 12:17,c
124,Yossi124,3,5,3,3,2,5,2,3,3,4,4,2,4,2,2,4,3,3,3,4,4,2,3,5,No problems,4/5/2020 12:15,c
125,Yossi125,2,4,4,4,4,2,2,3,4,3,4,4,4,4,4,3,4,5,3,2,2,4,3,3,No problems,4/5/2020 12:13,c
126,Yossi126,4,3,4,3,3,2,3,4,3,4,5,4,4,3,5,5,3,3,4,4,3,2,4,5,No problems,4/5/2020 12:11,c
127,Yossi127,4,4,4,3,3,4,3,3,3,3,4,4,2,5,2,4,2,4,5,3,3,4,3,3,No problems,4/5/2020 12:09,c
128,Yossi128,4,3,3,4,3,3,3,5,2,2,2,5,2,5,5,4,2,2,4,5,2,4,3,4,No problems,4/5/2020 12:07,c
129,Yossi129,2,3,4,3,4,5,4,5,4,5,3,3,4,3,4,3,4,3,3,4,3,4,3,2,No problems,4/5/2020 12:05,c
130,Yossi2,3,1,5,4,2,2,4,5,4,4,3,2,3,2,1,4,2,2,2,5,5,3,3,3,No problems,5/5/2020 11:42,b
131,Yossi3,1,3,2,3,2,2,2,5,5,2,4,5,4,2,3,3,4,3,3,4,2,3,2,2,No problems,4/5/2020 16:17,c
132,Yossi4,2,2,1,2,1,2,3,1,2,2,2,2,1,2,3,2,1,3,2,2,1,1,2,2,No problems,4/5/2020 16:15,a
133,Yossi5,2,3,3,2,2,2,2,2,2,1,2,2,2,3,1,3,3,1,1,1,1,2,2,2,No problems,4/5/2020 16:13,a
134,Yossi6,2,3,2,2,2,1,1,2,1,2,3,2,2,2,2,1,2,1,1,1,2,1,2,2,No problems,4/5/2020 16:11,a
135,Yossi7,1,2,2,3,2,3,3,2,1,2,3,1,1,1,3,2,2,2,2,2,3,2,2,2,No problems,4/5/2020 16:09,a
136,Yossi8,2,2,2,2,3,2,3,2,2,2,2,2,2,2,2,2,2,3,3,3,3,2,3,2,No problems,4/5/2020 16:07,a
137,Yossi9,2,2,3,2,3,2,1,2,1,1,2,3,2,1,2,2,3,3,2,2,2,2,1,3,No problems,4/5/2020 16:05,a
138,Yossi10,1,2,2,3,1,1,2,2,2,2,1,2,2,2,1,2,3,2,1,2,1,2,2,2,No problems,4/5/2020 16:03,a
139,Yossi11,3,2,1,2,3,1,3,2,3,3,2,1,2,2,3,2,2,1,2,2,1,2,2,1,No problems,4/5/2020 16:01,a
140,Yossi12,1,3,1,2,1,1,2,3,1,3,1,3,2,3,2,2,2,2,1,2,1,2,3,2,No problems,4/5/2020 15:59,a
141,Yossi13,3,2,3,1,3,1,2,1,2,3,2,3,2,2,1,3,2,1,2,2,2,2,3,2,No problems,4/5/2020 15:57,a
142,Yossi14,3,2,3,2,1,3,2,1,1,1,2,1,3,2,2,1,2,1,3,3,3,1,2,2,No problems,4/5/2020 15:55,a
143,Yossi15,3,2,3,2,3,3,2,3,2,2,3,3,1,1,2,1,1,2,3,2,2,1,3,2,No problems,4/5/2020 15:53,a
144,Yossi16,1,2,2,2,3,2,2,2,1,3,2,3,2,2,2,1,2,3,1,2,2,2,3,3,No problems,4/5/2020 15:51,a
145,Yossi17,1,1,2,1,2,2,3,2,3,2,1,3,2,1,2,2,1,1,1,3,1,3,2,1,No problems,4/5/2020 15:49,a
146,Yossi18,2,2,1,2,2,2,2,3,2,3,2,2,2,2,1,2,2,2,1,2,2,2,1,3,No problems,4/5/2020 15:47,a
147,Yossi19,2,1,3,1,1,1,2,1,2,3,2,3,3,2,2,1,1,3,2,2,2,3,2,3,No problems,4/5/2020 15:45,a
148,Yossi20,1,1,1,2,2,2,2,2,1,2,1,1,3,3,2,1,1,1,2,3,3,2,2,2,No problems,4/5/2020 15:43,a
149,Yossi21,2,2,3,2,1,3,2,2,3,2,2,2,2,2,2,2,2,2,3,1,3,2,2,3,No problems,4/5/2020 15:41,a
150,Yossi22,2,2,3,1,3,1,2,2,2,1,1,2,2,2,2,2,2,2,2,2,2,2,1,3,No problems,4/5/2020 15:39,a
151,Yossi23,2,2,2,3,1,1,1,2,2,1,2,3,2,2,2,1,1,2,1,3,3,1,2,2,No problems,4/5/2020 15:37,a
152,Yossi24,1,1,1,2,3,1,2,2,2,3,3,1,3,2,1,2,1,3,2,2,3,2,2,2,No problems,4/5/2020 15:35,a
153,Yossi25,2,1,2,3,2,2,1,2,2,3,2,3,2,1,3,1,1,2,1,2,2,2,2,3,No problems,4/5/2020 15:33,a
154,Yossi26,2,3,2,1,2,2,2,1,3,1,2,1,2,2,3,1,2,3,1,2,3,2,3,2,No problems,4/5/2020 15:31,a
155,Yossi27,2,2,2,2,3,3,2,1,2,3,2,1,2,2,1,1,1,3,2,1,2,3,1,1,No problems,4/5/2020 15:29,a
156,Yossi28,2,3,1,1,3,1,2,1,2,3,2,2,2,2,2,2,1,2,2,2,3,2,1,2,No problems,4/5/2020 15:27,a
157,Yossi29,2,2,3,2,1,2,1,2,1,3,2,1,2,2,2,2,2,1,2,2,3,1,1,2,No problems,4/5/2020 15:25,a
158,Yossi30,3,2,1,1,3,3,2,3,3,2,3,3,1,3,3,3,2,2,2,2,3,3,1,3,No problems,4/5/2020 15:23,a
159,Yossi31,2,2,1,3,1,1,2,2,2,2,3,1,2,1,1,2,1,1,1,1,2,2,2,1,No problems,4/5/2020 15:21,a
160,Yossi32,3,1,2,2,1,3,1,2,2,2,2,2,2,1,3,2,1,3,2,3,1,3,1,1,No problems,4/5/2020 15:19,a
161,Yossi33,2,3,2,3,2,2,2,1,2,2,2,2,2,2,3,2,2,3,2,3,1,2,2,2,No problems,4/5/2020 15:17,a
162,Yossi34,3,3,2,2,1,1,2,1,2,2,2,2,2,1,1,1,3,2,2,3,3,2,3,2,No problems,4/5/2020 15:15,a
163,Yossi35,1,1,2,2,2,2,1,2,3,1,2,3,2,1,2,2,2,1,2,3,1,2,1,2,No problems,4/5/2020 15:13,a
164,Yossi36,3,2,2,2,3,2,2,3,1,2,1,2,2,3,2,3,2,2,3,3,1,2,1,1,No problems,4/5/2020 15:11,a
165,Yossi37,2,2,2,2,3,3,2,2,2,1,1,2,1,2,1,2,3,2,1,3,1,1,2,2,No problems,4/5/2020 15:09,a
166,Yossi38,2,3,3,2,2,3,1,2,2,1,3,2,1,2,1,2,1,2,2,3,3,2,1,2,No problems,4/5/2020 15:07,a
167,Yossi39,2,3,1,2,2,1,2,2,2,3,2,3,3,3,1,3,2,1,3,3,2,3,3,1,No problems,4/5/2020 15:05,a
168,Yossi40,3,2,2,3,3,1,1,2,2,3,2,3,2,1,1,1,1,2,1,1,2,2,2,1,No problems,4/5/2020 15:03,a
169,Yossi41,1,2,2,1,2,3,1,2,2,2,3,3,1,1,2,3,1,1,2,3,1,2,2,1,No problems,4/5/2020 15:01,a
170,Yossi42,1,1,2,2,2,2,3,3,2,1,2,2,2,3,2,1,1,2,3,3,2,2,2,2,No problems,4/5/2020 14:59,a
171,Yossi43,2,2,2,2,3,3,2,2,3,1,2,2,2,3,2,2,3,2,2,1,3,2,3,2,No problems,4/5/2020 14:57,a
172,Yossi44,2,3,3,2,2,1,1,3,2,2,2,2,2,2,3,2,3,2,3,2,2,2,2,3,No problems,4/5/2020 14:55,a
173,Yossi45,3,2,2,3,3,2,2,2,2,1,2,2,2,3,3,2,3,2,1,3,1,1,1,2,No problems,4/5/2020 14:53,a
174,Yossi46,2,1,3,2,3,2,2,2,2,3,1,2,2,2,1,2,2,2,2,3,2,2,3,1,No problems,4/5/2020 14:51,a
175,Yossi47,3,2,1,1,1,1,2,3,3,2,2,3,3,1,1,2,2,2,1,3,3,2,3,2,No problems,4/5/2020 14:49,a
176,Yossi48,3,3,3,3,3,3,2,2,3,3,2,2,3,2,3,3,4,2,4,4,3,3,2,3,No problems,4/5/2020 14:47,b
177,Yossi49,3,3,4,3,2,4,2,3,3,3,3,3,3,3,3,2,4,3,3,3,2,3,3,2,No problems,4/5/2020 14:45,b
178,Yossi50,3,4,2,4,3,4,2,4,3,3,3,3,2,3,2,3,3,3,2,3,3,2,3,3,No problems,4/5/2020 14:43,b
179,Yossi51,3,3,4,4,3,2,3,3,3,2,4,3,2,4,2,3,3,3,3,4,3,4,3,3,No problems,4/5/2020 14:41,b
180,Yossi52,2,2,3,2,3,4,2,2,4,4,3,4,4,3,4,2,4,4,2,2,3,2,4,3,No problems,4/5/2020 14:39,b
181,Yossi53,3,3,3,2,3,4,3,3,4,3,3,2,4,3,3,4,2,4,2,4,3,3,3,2,No problems,4/5/2020 14:37,b
182,Yossi54,2,3,3,2,2,2,3,3,2,4,4,4,3,4,4,4,3,3,2,2,4,3,3,3,No problems,4/5/2020 14:35,b
183,Yossi55,3,3,3,3,3,4,3,3,3,3,4,2,3,4,2,3,3,2,3,3,4,4,3,4,No problems,4/5/2020 14:33,b
184,Yossi56,4,3,2,3,4,3,4,3,3,4,2,4,3,4,2,3,4,3,3,2,4,3,4,2,No problems,4/5/2020 14:31,b
185,Yossi57,2,2,3,4,3,4,3,3,4,3,2,3,2,3,2,4,3,2,2,2,4,4,3,3,No problems,4/5/2020 14:29,b
186,Yossi58,3,3,3,4,3,4,3,4,2,2,3,4,3,3,4,3,3,4,2,2,4,3,4,4,No problems,4/5/2020 14:27,b
187,Yossi59,3,3,3,3,3,2,3,3,2,3,3,2,2,2,4,3,3,3,3,3,4,2,3,3,No problems,4/5/2020 14:25,b
188,Yossi60,2,3,2,3,2,4,2,2,4,4,3,3,4,4,3,2,2,3,3,3,3,2,2,2,No problems,4/5/2020 14:23,b
189,Yossi61,2,4,2,4,3,3,2,2,3,4,4,3,4,3,4,4,2,3,4,4,3,3,4,4,No problems,4/5/2020 14:21,b
190,Yossi62,3,2,3,3,3,3,3,4,3,2,2,2,3,2,2,3,3,2,2,3,3,4,3,2,No problems,4/5/2020 14:19,b
191,Yossi63,2,4,4,4,3,4,3,3,3,3,2,2,3,2,4,3,3,4,3,3,2,3,3,2,No problems,4/5/2020 14:17,b
192,Yossi64,4,3,2,2,2,2,2,2,4,4,4,3,4,3,2,4,3,3,2,4,3,3,2,4,No problems,4/5/2020 14:15,b
193,Yossi65,3,4,3,4,3,2,4,2,2,4,4,3,3,3,2,2,4,2,3,4,2,4,2,3,No problems,4/5/2020 14:13,b
194,Yossi66,2,2,3,2,3,3,3,3,4,3,3,3,3,3,4,3,3,4,4,2,2,2,3,3,No problems,4/5/2020 14:11,b
195,Yossi67,3,3,3,4,4,3,3,3,3,4,3,4,2,2,2,2,3,3,3,3,3,3,2,4,No problems,4/5/2020 14:09,b
196,Yossi68,2,2,2,4,4,3,3,3,4,3,3,4,2,3,3,2,4,4,3,3,2,4,3,3,No problems,4/5/2020 14:07,b
197,Yossi69,3,4,2,3,3,2,4,4,3,4,4,4,3,2,3,3,3,3,4,4,2,4,4,3,No problems,4/5/2020 14:05,b
198,Yossi70,3,4,2,3,3,2,3,3,2,2,2,3,2,3,3,3,3,3,3,2,3,3,4,2,No problems,4/5/2020 14:03,b
199,Yossi71,3,4,2,2,3,3,3,4,2,4,3,3,3,2,3,2,3,2,2,4,3,2,4,2,No problems,4/5/2020 14:01,b
200,Yossi72,2,3,3,3,2,3,2,4,3,3,2,4,3,2,4,2,3,3,3,3,3,4,3,4,No problems,4/5/2020 13:59,b
201,Yossi73,2,2,3,3,3,3,4,2,4,3,3,3,3,4,3,4,3,4,3,2,3,3,3,3,No problems,4/5/2020 13:57,b
202,Yossi74,3,3,4,3,2,4,4,2,4,2,2,3,3,3,2,3,3,4,4,2,3,2,3,4,No problems,4/5/2020 13:55,b
203,Yossi75,4,3,3,4,3,3,3,3,3,4,2,3,3,4,3,3,3,3,3,2,3,4,3,3,No problems,4/5/2020 13:53,b
204,Yossi76,2,2,3,4,3,4,4,2,3,3,2,3,3,4,4,2,2,4,2,4,3,3,2,2,No problems,4/5/2020 13:51,b
205,Yossi77,2,3,3,2,4,2,4,4,2,2,3,3,2,3,2,4,3,2,3,2,3,3,3,2,No problems,4/5/2020 13:49,b
206,Yossi78,3,3,4,3,3,3,2,3,3,3,3,4,4,3,3,4,4,4,4,4,2,3,3,2,No problems,4/5/2020 13:47,b
207,Yossi79,2,3,3,2,2,3,3,3,3,3,3,3,3,3,3,4,4,3,3,4,3,4,3,3,No problems,4/5/2020 13:45,b
208,Yossi80,2,3,4,3,4,4,3,4,3,2,3,2,2,3,2,4,3,3,3,3,3,2,3,4,No problems,4/5/2020 13:43,b
209,Yossi81,4,3,4,3,4,4,3,3,3,4,3,3,4,2,2,4,3,3,2,2,3,2,3,3,No problems,4/5/2020 13:41,b
210,Yossi82,2,3,2,3,4,2,4,3,3,3,2,4,2,3,4,3,2,2,3,2,3,3,4,2,No problems,4/5/2020 13:39,b
211,Yossi83,2,3,4,2,2,3,3,3,3,4,3,4,2,4,2,3,3,2,3,3,3,2,3,3,No problems,4/5/2020 13:37,b
212,Yossi84,3,3,3,3,4,3,3,4,2,3,3,3,3,3,2,3,3,2,3,3,4,4,2,4,No problems,4/5/2020 13:35,b
213,Yossi85,3,3,4,2,2,3,2,4,3,3,4,3,2,3,4,4,4,4,2,4,4,3,2,3,No problems,4/5/2020 13:33,b
214,Yossi86,4,4,3,4,2,4,3,3,3,2,4,3,3,3,3,3,3,3,4,2,2,3,3,3,No problems,4/5/2020 13:31,b
215,Yossi87,2,4,3,3,3,3,3,4,3,3,2,3,3,3,3,2,2,3,4,2,3,3,2,3,No problems,4/5/2020 13:29,b
216,Yossi88,4,4,4,3,3,4,3,2,4,2,4,3,3,3,3,3,4,3,4,4,3,2,2,3,No problems,4/5/2020 13:27,b
217,Yossi89,2,3,4,4,2,3,2,3,4,2,3,4,2,3,3,3,4,3,2,4,3,4,3,4,No problems,4/5/2020 13:25,b
218,Yossi90,5,4,4,4,3,5,4,3,4,3,3,3,4,5,2,4,3,2,2,3,5,5,5,4,No problems,4/5/2020 13:23,c
219,Yossi91,3,4,3,5,3,2,2,5,3,2,2,2,4,4,5,4,3,5,3,4,3,4,4,4,No problems,4/5/2020 13:21,c
220,Yossi92,5,4,4,3,2,3,2,2,5,3,3,5,2,3,3,5,3,3,4,4,2,3,3,4,No problems,4/5/2020 13:19,c
221,Yossi93,3,4,4,4,4,5,4,3,3,5,4,3,3,3,4,4,3,4,3,4,5,5,3,3,No problems,4/5/2020 13:17,c
222,Yossi94,4,5,2,4,5,2,3,5,4,3,3,4,4,4,4,2,5,4,3,4,2,4,4,3,No problems,4/5/2020 13:15,c
223,Yossi95,5,5,5,5,2,4,2,3,3,5,4,3,5,4,3,2,3,2,3,5,2,5,4,2,No problems,4/5/2020 13:13,c
224,Yossi96,3,5,3,3,4,4,3,2,4,5,4,5,2,4,4,4,4,2,3,5,2,4,3,5,No problems,4/5/2020 13:11,c
225,Yossi97,4,3,2,3,2,3,4,4,4,5,4,2,2,3,4,4,3,5,4,5,4,3,5,3,No problems,4/5/2020 13:09,c
226,Yossi98,2,4,4,4,5,4,3,4,3,4,3,3,4,2,3,4,4,2,2,3,4,4,3,3,No problems,4/5/2020 13:07,c
227,Yossi99,3,3,3,3,4,4,4,5,5,3,4,4,3,4,2,2,3,4,4,3,4,3,4,4,No problems,4/5/2020 13:05,c
228,Yossi100,3,5,3,4,2,3,5,4,3,5,2,5,3,3,3,5,5,3,2,4,5,3,3,3,No problems,4/5/2020 13:03,c
229,Yossi101,4,4,3,4,4,2,5,2,4,3,3,5,3,4,3,3,4,4,3,3,2,3,4,3,No problems,4/5/2020 13:01,c
230,Yossi102,5,3,3,5,4,4,5,3,5,4,2,4,3,3,4,3,4,3,2,4,3,5,4,4,No problems,4/5/2020 12:59,c
231,Yossi103,3,5,4,5,4,3,3,2,4,3,3,3,3,3,3,3,3,3,3,4,4,4,5,2,No problems,4/5/2020 12:57,c
232,Yossi104,3,3,3,5,2,4,5,3,4,4,3,3,3,4,2,4,4,2,2,2,2,4,4,4,No problems,4/5/2020 12:55,c
233,Yossi105,4,4,3,5,2,4,2,3,4,2,3,4,5,3,4,3,3,3,5,4,3,2,4,4,No problems,4/5/2020 12:53,c
234,Yossi106,4,3,4,2,5,4,2,4,3,2,5,3,4,5,4,3,3,4,3,4,2,2,4,2,No problems,4/5/2020 12:51,c
235,Yossi107,2,3,2,4,4,3,3,3,3,2,3,3,2,3,4,5,4,4,5,5,5,4,3,3,No problems,4/5/2020 12:49,c
236,Yossi108,3,5,4,3,3,3,2,4,4,2,4,3,2,4,4,4,5,2,4,4,5,2,2,4,No problems,4/5/2020 12:47,c
237,Yossi109,4,4,3,4,3,2,4,5,3,4,2,5,3,3,3,3,2,3,3,4,3,2,5,4,No problems,4/5/2020 12:45,c
238,Yossi110,4,5,4,5,4,3,3,4,4,5,5,4,4,2,5,3,4,3,2,2,3,3,5,4,No problems,4/5/2020 12:43,c
239,Yossi2,3,1,5,4,2,2,4,5,4,4,3,2,3,2,1,4,2,2,2,5,5,3,3,3,No problems,5/5/2020 11:42,b
240,Yossi3,1,3,2,3,2,2,2,5,5,2,4,5,4,2,3,3,4,3,3,4,2,3,2,2,No problems,4/5/2020 16:17,c
241,Yossi4,2,2,1,2,1,2,3,1,2,2,2,2,1,2,3,2,1,3,2,2,1,1,2,2,No problems,4/5/2020 16:15,a
242,Yossi5,2,3,3,2,2,2,2,2,2,1,2,2,2,3,1,3,3,1,1,1,1,2,2,2,No problems,4/5/2020 16:13,a
243,Yossi6,2,3,2,2,2,1,1,2,1,2,3,2,2,2,2,1,2,1,1,1,2,1,2,2,No problems,4/5/2020 16:11,a
244,Yossi7,1,2,2,3,2,3,3,2,1,2,3,1,1,1,3,2,2,2,2,2,3,2,2,2,No problems,4/5/2020 16:09,a
245,Yossi8,2,2,2,2,3,2,3,2,2,2,2,2,2,2,2,2,2,3,3,3,3,2,3,2,No problems,4/5/2020 16:07,a
246,Yossi9,2,2,3,2,3,2,1,2,1,1,2,3,2,1,2,2,3,3,2,2,2,2,1,3,No problems,4/5/2020 16:05,a
247,Yossi10,1,2,2,3,1,1,2,2,2,2,1,2,2,2,1,2,3,2,1,2,1,2,2,2,No problems,4/5/2020 16:03,a
248,Yossi11,3,2,1,2,3,1,3,2,3,3,2,1,2,2,3,2,2,1,2,2,1,2,2,1,No problems,4/5/2020 16:01,a
249,Yossi12,1,3,1,2,1,1,2,3,1,3,1,3,2,3,2,2,2,2,1,2,1,2,3,2,No problems,4/5/2020 15:59,a
250,Yossi13,3,2,3,1,3,1,2,1,2,3,2,3,2,2,1,3,2,1,2,2,2,2,3,2,No problems,4/5/2020 15:57,a
251,Yossi14,3,2,3,2,1,3,2,1,1,1,2,1,3,2,2,1,2,1,3,3,3,1,2,2,No problems,4/5/2020 15:55,a
252,Yossi15,3,2,3,2,3,3,2,3,2,2,3,3,1,1,2,1,1,2,3,2,2,1,3,2,No problems,4/5/2020 15:53,a
253,Yossi16,1,2,2,2,3,2,2,2,1,3,2,3,2,2,2,1,2,3,1,2,2,2,3,3,No problems,4/5/2020 15:51,a
254,Yossi17,1,1,2,1,2,2,3,2,3,2,1,3,2,1,2,2,1,1,1,3,1,3,2,1,No problems,4/5/2020 15:49,a
255,Yossi18,2,2,1,2,2,2,2,3,2,3,2,2,2,2,1,2,2,2,1,2,2,2,1,3,No problems,4/5/2020 15:47,a
256,Yossi19,2,1,3,1,1,1,2,1,2,3,2,3,3,2,2,1,1,3,2,2,2,3,2,3,No problems,4/5/2020 15:45,a
257,Yossi20,1,1,1,2,2,2,2,2,1,2,1,1,3,3,2,1,1,1,2,3,3,2,2,2,No problems,4/5/2020 15:43,a
258,Yossi21,2,2,3,2,1,3,2,2,3,2,2,2,2,2,2,2,2,2,3,1,3,2,2,3,No problems,4/5/2020 15:41,a
259,Yossi22,2,2,3,1,3,1,2,2,2,1,1,2,2,2,2,2,2,2,2,2,2,2,1,3,No problems,4/5/2020 15:39,a
260,Yossi23,2,2,2,3,1,1,1,2,2,1,2,3,2,2,2,1,1,2,1,3,3,1,2,2,No problems,4/5/2020 15:37,a
261,Yossi24,1,1,1,2,3,1,2,2,2,3,3,1,3,2,1,2,1,3,2,2,3,2,2,2,No problems,4/5/2020 15:35,a
262,Yossi25,2,1,2,3,2,2,1,2,2,3,2,3,2,1,3,1,1,2,1,2,2,2,2,3,No problems,4/5/2020 15:33,a
263,Yossi26,2,3,2,1,2,2,2,1,3,1,2,1,2,2,3,1,2,3,1,2,3,2,3,2,No problems,4/5/2020 15:31,a
264,Yossi27,2,2,2,2,3,3,2,1,2,3,2,1,2,2,1,1,1,3,2,1,2,3,1,1,No problems,4/5/2020 15:29,a
265,Yossi28,2,3,1,1,3,1,2,1,2,3,2,2,2,2,2,2,1,2,2,2,3,2,1,2,No problems,4/5/2020 15:27,a
266,Yossi29,2,2,3,2,1,2,1,2,1,3,2,1,2,2,2,2,2,1,2,2,3,1,1,2,No problems,4/5/2020 15:25,a
267,Yossi30,3,2,1,1,3,3,2,3,3,2,3,3,1,3,3,3,2,2,2,2,3,3,1,3,No problems,4/5/2020 15:23,a
268,Yossi31,2,2,1,3,1,1,2,2,2,2,3,1,2,1,1,2,1,1,1,1,2,2,2,1,No problems,4/5/2020 15:21,a
269,Yossi32,3,1,2,2,1,3,1,2,2,2,2,2,2,1,3,2,1,3,2,3,1,3,1,1,No problems,4/5/2020 15:19,a
270,Yossi33,2,3,2,3,2,2,2,1,2,2,2,2,2,2,3,2,2,3,2,3,1,2,2,2,No problems,4/5/2020 15:17,a
271,Yossi34,3,3,2,2,1,1,2,1,2,2,2,2,2,1,1,1,3,2,2,3,3,2,3,2,No problems,4/5/2020 15:15,a
272,Yossi35,1,1,2,2,2,2,1,2,3,1,2,3,2,1,2,2,2,1,2,3,1,2,1,2,No problems,4/5/2020 15:13,a
273,Yossi36,3,2,2,2,3,2,2,3,1,2,1,2,2,3,2,3,2,2,3,3,1,2,1,1,No problems,4/5/2020 15:11,a
274,Yossi37,2,2,2,2,3,3,2,2,2,1,1,2,1,2,1,2,3,2,1,3,1,1,2,2,No problems,4/5/2020 15:09,a
275,Yossi38,2,3,3,2,2,3,1,2,2,1,3,2,1,2,1,2,1,2,2,3,3,2,1,2,No problems,4/5/2020 15:07,a
276,Yossi39,2,3,1,2,2,1,2,2,2,3,2,3,3,3,1,3,2,1,3,3,2,3,3,1,No problems,4/5/2020 15:05,a
277,Yossi40,3,2,2,3,3,1,1,2,2,3,2,3,2,1,1,1,1,2,1,1,2,2,2,1,No problems,4/5/2020 15:03,a
278,Yossi41,1,2,2,1,2,3,1,2,2,2,3,3,1,1,2,3,1,1,2,3,1,2,2,1,No problems,4/5/2020 15:01,a
279,Yossi42,1,1,2,2,2,2,3,3,2,1,2,2,2,3,2,1,1,2,3,3,2,2,2,2,No problems,4/5/2020 14:59,a
280,Yossi43,2,2,2,2,3,3,2,2,3,1,2,2,2,3,2,2,3,2,2,1,3,2,3,2,No problems,4/5/2020 14:57,a
281,Yossi44,2,3,3,2,2,1,1,3,2,2,2,2,2,2,3,2,3,2,3,2,2,2,2,3,No problems,4/5/2020 14:55,a
282,Yossi45,3,2,2,3,3,2,2,2,2,1,2,2,2,3,3,2,3,2,1,3,1,1,1,2,No problems,4/5/2020 14:53,a
283,Yossi46,2,1,3,2,3,2,2,2,2,3,1,2,2,2,1,2,2,2,2,3,2,2,3,1,No problems,4/5/2020 14:51,a
284,Yossi47,3,2,1,1,1,1,2,3,3,2,2,3,3,1,1,2,2,2,1,3,3,2,3,2,No problems,4/5/2020 14:49,a
285,Yossi48,3,3,3,3,3,3,2,2,3,3,2,2,3,2,3,3,4,2,4,4,3,3,2,3,No problems,4/5/2020 14:47,b
286,Yossi49,3,3,4,3,2,4,2,3,3,3,3,3,3,3,3,2,4,3,3,3,2,3,3,2,No problems,4/5/2020 14:45,b
287,Yossi50,3,4,2,4,3,4,2,4,3,3,3,3,2,3,2,3,3,3,2,3,3,2,3,3,No problems,4/5/2020 14:43,b
288,Yossi51,3,3,4,4,3,2,3,3,3,2,4,3,2,4,2,3,3,3,3,4,3,4,3,3,No problems,4/5/2020 14:41,b
289,Yossi52,2,2,3,2,3,4,2,2,4,4,3,4,4,3,4,2,4,4,2,2,3,2,4,3,No problems,4/5/2020 14:39,b
290,Yossi53,3,3,3,2,3,4,3,3,4,3,3,2,4,3,3,4,2,4,2,4,3,3,3,2,No problems,4/5/2020 14:37,b
291,Yossi54,2,3,3,2,2,2,3,3,2,4,4,4,3,4,4,4,3,3,2,2,4,3,3,3,No problems,4/5/2020 14:35,b
292,Yossi55,3,3,3,3,3,4,3,3,3,3,4,2,3,4,2,3,3,2,3,3,4,4,3,4,No problems,4/5/2020 14:33,b
293,Yossi56,4,3,2,3,4,3,4,3,3,4,2,4,3,4,2,3,4,3,3,2,4,3,4,2,No problems,4/5/2020 14:31,b
294,Yossi57,2,2,3,4,3,4,3,3,4,3,2,3,2,3,2,4,3,2,2,2,4,4,3,3,No problems,4/5/2020 14:29,b
295,Yossi58,3,3,3,4,3,4,3,4,2,2,3,4,3,3,4,3,3,4,2,2,4,3,4,4,No problems,4/5/2020 14:27,b
296,Yossi59,3,3,3,3,3,2,3,3,2,3,3,2,2,2,4,3,3,3,3,3,4,2,3,3,No problems,4/5/2020 14:25,b
297,Yossi60,2,3,2,3,2,4,2,2,4,4,3,3,4,4,3,2,2,3,3,3,3,2,2,2,No problems,4/5/2020 14:23,b
298,Yossi61,2,4,2,4,3,3,2,2,3,4,4,3,4,3,4,4,2,3,4,4,3,3,4,4,No problems,4/5/2020 14:21,b
299,Yossi62,3,2,3,3,3,3,3,4,3,2,2,2,3,2,2,3,3,2,2,3,3,4,3,2,No problems,4/5/2020 14:19,b
300,Yossi63,2,4,4,4,3,4,3,3,3,3,2,2,3,2,4,3,3,4,3,3,2,3,3,2,No problems,4/5/2020 14:17,b
301,Yossi64,4,3,2,2,2,2,2,2,4,4,4,3,4,3,2,4,3,3,2,4,3,3,2,4,No problems,4/5/2020 14:15,b
302,Yossi65,3,4,3,4,3,2,4,2,2,4,4,3,3,3,2,2,4,2,3,4,2,4,2,3,No problems,4/5/2020 14:13,b
303,Yossi66,2,2,3,2,3,3,3,3,4,3,3,3,3,3,4,3,3,4,4,2,2,2,3,3,No problems,4/5/2020 14:11,b
304,Yossi67,3,3,3,4,4,3,3,3,3,4,3,4,2,2,2,2,3,3,3,3,3,3,2,4,No problems,4/5/2020 14:09,b
305,Yossi68,2,2,2,4,4,3,3,3,4,3,3,4,2,3,3,2,4,4,3,3,2,4,3,3,No problems,4/5/2020 14:07,b
306,Yossi69,3,4,2,3,3,2,4,4,3,4,4,4,3,2,3,3,3,3,4,4,2,4,4,3,No problems,4/5/2020 14:05,b
307,Yossi70,3,4,2,3,3,2,3,3,2,2,2,3,2,3,3,3,3,3,3,2,3,3,4,2,No problems,4/5/2020 14:03,b
308,Yossi71,3,4,2,2,3,3,3,4,2,4,3,3,3,2,3,2,3,2,2,4,3,2,4,2,No problems,4/5/2020 14:01,b
309,Yossi72,2,3,3,3,2,3,2,4,3,3,2,4,3,2,4,2,3,3,3,3,3,4,3,4,No problems,4/5/2020 13:59,b
310,Yossi73,2,2,3,3,3,3,4,2,4,3,3,3,3,4,3,4,3,4,3,2,3,3,3,3,No problems,4/5/2020 13:57,b
311,Yossi74,3,3,4,3,2,4,4,2,4,2,2,3,3,3,2,3,3,4,4,2,3,2,3,4,No problems,4/5/2020 13:55,b
312,Yossi75,4,3,3,4,3,3,3,3,3,4,2,3,3,4,3,3,3,3,3,2,3,4,3,3,No problems,4/5/2020 13:53,b
313,Yossi76,2,2,3,4,3,4,4,2,3,3,2,3,3,4,4,2,2,4,2,4,3,3,2,2,No problems,4/5/2020 13:51,b
314,Yossi77,2,3,3,2,4,2,4,4,2,2,3,3,2,3,2,4,3,2,3,2,3,3,3,2,No problems,4/5/2020 13:49,b
315,Yossi78,3,3,4,3,3,3,2,3,3,3,3,4,4,3,3,4,4,4,4,4,2,3,3,2,No problems,4/5/2020 13:47,b
316,Yossi79,2,3,3,2,2,3,3,3,3,3,3,3,3,3,3,4,4,3,3,4,3,4,3,3,No problems,4/5/2020 13:45,b
317,Yossi80,2,3,4,3,4,4,3,4,3,2,3,2,2,3,2,4,3,3,3,3,3,2,3,4,No problems,4/5/2020 13:43,b
318,Yossi81,4,3,4,3,4,4,3,3,3,4,3,3,4,2,2,4,3,3,2,2,3,2,3,3,No problems,4/5/2020 13:41,b
319,Yossi82,2,3,2,3,4,2,4,3,3,3,2,4,2,3,4,3,2,2,3,2,3,3,4,2,No problems,4/5/2020 13:39,b
320,Yossi83,2,3,4,2,2,3,3,3,3,4,3,4,2,4,2,3,3,2,3,3,3,2,3,3,No problems,4/5/2020 13:37,b
321,Yossi84,3,3,3,3,4,3,3,4,2,3,3,3,3,3,2,3,3,2,3,3,4,4,2,4,No problems,4/5/2020 13:35,b
322,Yossi85,3,3,4,2,2,3,2,4,3,3,4,3,2,3,4,4,4,4,2,4,4,3,2,3,No problems,4/5/2020 13:33,b
323,Yossi86,4,4,3,4,2,4,3,3,3,2,4,3,3,3,3,3,3,3,4,2,2,3,3,3,No problems,4/5/2020 13:31,b
324,Yossi87,2,4,3,3,3,3,3,4,3,3,2,3,3,3,3,2,2,3,4,2,3,3,2,3,No problems,4/5/2020 13:29,b
325,Yossi88,4,4,4,3,3,4,3,2,4,2,4,3,3,3,3,3,4,3,4,4,3,2,2,3,No problems,4/5/2020 13:27,b
326,Yossi89,2,3,4,4,2,3,2,3,4,2,3,4,2,3,3,3,4,3,2,4,3,4,3,4,No problems,4/5/2020 13:25,b
327,Yossi90,5,4,4,4,3,5,4,3,4,3,3,3,4,5,2,4,3,2,2,3,5,5,5,4,No problems,4/5/2020 13:23,c
328,Yossi91,3,4,3,5,3,2,2,5,3,2,2,2,4,4,5,4,3,5,3,4,3,4,4,4,No problems,4/5/2020 13:21,c
329,Yossi92,5,4,4,3,2,3,2,2,5,3,3,5,2,3,3,5,3,3,4,4,2,3,3,4,No problems,4/5/2020 13:19,c
330,Yossi93,3,4,4,4,4,5,4,3,3,5,4,3,3,3,4,4,3,4,3,4,5,5,3,3,No problems,4/5/2020 13:17,c
331,Yossi94,4,5,2,4,5,2,3,5,4,3,3,4,4,4,4,2,5,4,3,4,2,4,4,3,No problems,4/5/2020 13:15,c
332,Yossi95,5,5,5,5,2,4,2,3,3,5,4,3,5,4,3,2,3,2,3,5,2,5,4,2,No problems,4/5/2020 13:13,c
333,Yossi96,3,5,3,3,4,4,3,2,4,5,4,5,2,4,4,4,4,2,3,5,2,4,3,5,No problems,4/5/2020 13:11,c
334,Yossi97,4,3,2,3,2,3,4,4,4,5,4,2,2,3,4,4,3,5,4,5,4,3,5,3,No problems,4/5/2020 13:09,c
335,Yossi98,2,4,4,4,5,4,3,4,3,4,3,3,4,2,3,4,4,2,2,3,4,4,3,3,No problems,4/5/2020 13:07,c
336,Yossi99,3,3,3,3,4,4,4,5,5,3,4,4,3,4,2,2,3,4,4,3,4,3,4,4,No problems,4/5/2020 13:05,c
337,Yossi100,3,5,3,4,2,3,5,4,3,5,2,5,3,3,3,5,5,3,2,4,5,3,3,3,No problems,4/5/2020 13:03,c
338,Yossi101,4,4,3,4,4,2,5,2,4,3,3,5,3,4,3,3,4,4,3,3,2,3,4,3,No problems,4/5/2020 13:01,c
339,Yossi102,5,3,3,5,4,4,5,3,5,4,2,4,3,3,4,3,4,3,2,4,3,5,4,4,No problems,4/5/2020 12:59,c
340,Yossi103,3,5,4,5,4,3,3,2,4,3,3,3,3,3,3,3,3,3,3,4,4,4,5,2,No problems,4/5/2020 12:57,c
341,Yossi104,3,3,3,5,2,4,5,3,4,4,3,3,3,4,2,4,4,2,2,2,2,4,4,4,No problems,4/5/2020 12:55,c
342,Yossi105,4,4,3,5,2,4,2,3,4,2,3,4,5,3,4,3,3,3,5,4,3,2,4,4,No problems,4/5/2020 12:53,c
343,Yossi106,4,3,4,2,5,4,2,4,3,2,5,3,4,5,4,3,3,4,3,4,2,2,4,2,No problems,4/5/2020 12:51,c
344,Yossi107,2,3,2,4,4,3,3,3,3,2,3,3,2,3,4,5,4,4,5,5,5,4,3,3,No problems,4/5/2020 12:49,c
345,Yossi108,3,5,4,3,3,3,2,4,4,2,4,3,2,4,4,4,5,2,4,4,5,2,2,4,No problems,4/5/2020 12:47,c
346,Yossi109,4,4,3,4,3,2,4,5,3,4,2,5,3,3,3,3,2,3,3,4,3,2,5,4,No problems,4/5/2020 12:45,c
347,Yossi110,4,5,4,5,4,3,3,4,4,5,5,4,4,2,5,3,4,3,2,2,3,3,5,4,No problems,4/5/2020 12:43,c
348,Yossi2,3,1,5,4,2,2,4,5,4,4,3,2,3,2,1,4,2,2,2,5,5,3,3,3,No problems,5/5/2020 11:42,b
349,Yossi3,1,3,2,3,2,2,2,5,5,2,4,5,4,2,3,3,4,3,3,4,2,3,2,2,No problems,4/5/2020 16:17,c
350,Yossi4,2,2,1,2,1,2,3,1,2,2,2,2,1,2,3,2,1,3,2,2,1,1,2,2,No problems,4/5/2020 16:15,a
351,Yossi5,2,3,3,2,2,2,2,2,2,1,2,2,2,3,1,3,3,1,1,1,1,2,2,2,No problems,4/5/2020 16:13,a
352,Yossi6,2,3,2,2,2,1,1,2,1,2,3,2,2,2,2,1,2,1,1,1,2,1,2,2,No problems,4/5/2020 16:11,a
353,Yossi7,1,2,2,3,2,3,3,2,1,2,3,1,1,1,3,2,2,2,2,2,3,2,2,2,No problems,4/5/2020 16:09,a
354,Yossi8,2,2,2,2,3,2,3,2,2,2,2,2,2,2,2,2,2,3,3,3,3,2,3,2,No problems,4/5/2020 16:07,a
355,Yossi9,2,2,3,2,3,2,1,2,1,1,2,3,2,1,2,2,3,3,2,2,2,2,1,3,No problems,4/5/2020 16:05,a
356,Yossi10,1,2,2,3,1,1,2,2,2,2,1,2,2,2,1,2,3,2,1,2,1,2,2,2,No problems,4/5/2020 16:03,a
357,Yossi11,3,2,1,2,3,1,3,2,3,3,2,1,2,2,3,2,2,1,2,2,1,2,2,1,No problems,4/5/2020 16:01,a
358,Yossi12,1,3,1,2,1,1,2,3,1,3,1,3,2,3,2,2,2,2,1,2,1,2,3,2,No problems,4/5/2020 15:59,a
359,Yossi13,3,2,3,1,3,1,2,1,2,3,2,3,2,2,1,3,2,1,2,2,2,2,3,2,No problems,4/5/2020 15:57,a
360,Yossi14,3,2,3,2,1,3,2,1,1,1,2,1,3,2,2,1,2,1,3,3,3,1,2,2,No problems,4/5/2020 15:55,a
361,Yossi15,3,2,3,2,3,3,2,3,2,2,3,3,1,1,2,1,1,2,3,2,2,1,3,2,No problems,4/5/2020 15:53,a
362,Yossi16,1,2,2,2,3,2,2,2,1,3,2,3,2,2,2,1,2,3,1,2,2,2,3,3,No problems,4/5/2020 15:51,a
363,Yossi17,1,1,2,1,2,2,3,2,3,2,1,3,2,1,2,2,1,1,1,3,1,3,2,1,No problems,4/5/2020 15:49,a
364,Yossi18,2,2,1,2,2,2,2,3,2,3,2,2,2,2,1,2,2,2,1,2,2,2,1,3,No problems,4/5/2020 15:47,a
365,Yossi19,2,1,3,1,1,1,2,1,2,3,2,3,3,2,2,1,1,3,2,2,2,3,2,3,No problems,4/5/2020 15:45,a
366,Yossi20,1,1,1,2,2,2,2,2,1,2,1,1,3,3,2,1,1,1,2,3,3,2,2,2,No problems,4/5/2020 15:43,a
367,Yossi21,2,2,3,2,1,3,2,2,3,2,2,2,2,2,2,2,2,2,3,1,3,2,2,3,No problems,4/5/2020 15:41,a
368,Yossi22,2,2,3,1,3,1,2,2,2,1,1,2,2,2,2,2,2,2,2,2,2,2,1,3,No problems,4/5/2020 15:39,a
369,Yossi23,2,2,2,3,1,1,1,2,2,1,2,3,2,2,2,1,1,2,1,3,3,1,2,2,No problems,4/5/2020 15:37,a
370,Yossi24,1,1,1,2,3,1,2,2,2,3,3,1,3,2,1,2,1,3,2,2,3,2,2,2,No problems,4/5/2020 15:35,a
371,Yossi25,2,1,2,3,2,2,1,2,2,3,2,3,2,1,3,1,1,2,1,2,2,2,2,3,No problems,4/5/2020 15:33,a
372,Yossi26,2,3,2,1,2,2,2,1,3,1,2,1,2,2,3,1,2,3,1,2,3,2,3,2,No problems,4/5/2020 15:31,a
373,Yossi27,2,2,2,2,3,3,2,1,2,3,2,1,2,2,1,1,1,3,2,1,2,3,1,1,No problems,4/5/2020 15:29,a
374,Yossi28,2,3,1,1,3,1,2,1,2,3,2,2,2,2,2,2,1,2,2,2,3,2,1,2,No problems,4/5/2020 15:27,a
375,Yossi29,2,2,3,2,1,2,1,2,1,3,2,1,2,2,2,2,2,1,2,2,3,1,1,2,No problems,4/5/2020 15:25,a
376,Yossi30,3,2,1,1,3,3,2,3,3,2,3,3,1,3,3,3,2,2,2,2,3,3,1,3,No problems,4/5/2020 15:23,a
377,Yossi31,2,2,1,3,1,1,2,2,2,2,3,1,2,1,1,2,1,1,1,1,2,2,2,1,No problems,4/5/2020 15:21,a
378,Yossi32,3,1,2,2,1,3,1,2,2,2,2,2,2,1,3,2,1,3,2,3,1,3,1,1,No problems,4/5/2020 15:19,a
379,Yossi33,2,3,2,3,2,2,2,1,2,2,2,2,2,2,3,2,2,3,2,3,1,2,2,2,No problems,4/5/2020 15:17,a
380,Yossi34,3,3,2,2,1,1,2,1,2,2,2,2,2,1,1,1,3,2,2,3,3,2,3,2,No problems,4/5/2020 15:15,a
381,Yossi35,1,1,2,2,2,2,1,2,3,1,2,3,2,1,2,2,2,1,2,3,1,2,1,2,No problems,4/5/2020 15:13,a
382,Yossi36,3,2,2,2,3,2,2,3,1,2,1,2,2,3,2,3,2,2,3,3,1,2,1,1,No problems,4/5/2020 15:11,a
383,Yossi37,2,2,2,2,3,3,2,2,2,1,1,2,1,2,1,2,3,2,1,3,1,1,2,2,No problems,4/5/2020 15:09,a
384,Yossi38,2,3,3,2,2,3,1,2,2,1,3,2,1,2,1,2,1,2,2,3,3,2,1,2,No problems,4/5/2020 15:07,a
385,Yossi39,2,3,1,2,2,1,2,2,2,3,2,3,3,3,1,3,2,1,3,3,2,3,3,1,No problems,4/5/2020 15:05,a
386,Yossi40,3,2,2,3,3,1,1,2,2,3,2,3,2,1,1,1,1,2,1,1,2,2,2,1,No problems,4/5/2020 15:03,a
387,Yossi41,1,2,2,1,2,3,1,2,2,2,3,3,1,1,2,3,1,1,2,3,1,2,2,1,No problems,4/5/2020 15:01,a
388,Yossi42,1,1,2,2,2,2,3,3,2,1,2,2,2,3,2,1,1,2,3,3,2,2,2,2,No problems,4/5/2020 14:59,a
389,Yossi43,2,2,2,2,3,3,2,2,3,1,2,2,2,3,2,2,3,2,2,1,3,2,3,2,No problems,4/5/2020 14:57,a
390,Yossi44,2,3,3,2,2,1,1,3,2,2,2,2,2,2,3,2,3,2,3,2,2,2,2,3,No problems,4/5/2020 14:55,a
391,Yossi45,3,2,2,3,3,2,2,2,2,1,2,2,2,3,3,2,3,2,1,3,1,1,1,2,No problems,4/5/2020 14:53,a
392,Yossi46,2,1,3,2,3,2,2,2,2,3,1,2,2,2,1,2,2,2,2,3,2,2,3,1,No problems,4/5/2020 14:51,a
393,Yossi47,3,2,1,1,1,1,2,3,3,2,2,3,3,1,1,2,2,2,1,3,3,2,3,2,No problems,4/5/2020 14:49,a
394,Yossi48,3,3,3,3,3,3,2,2,3,3,2,2,3,2,3,3,4,2,4,4,3,3,2,3,No problems,4/5/2020 14:47,b
395,Yossi49,3,3,4,3,2,4,2,3,3,3,3,3,3,3,3,2,4,3,3,3,2,3,3,2,No problems,4/5/2020 14:45,b
396,Yossi50,3,4,2,4,3,4,2,4,3,3,3,3,2,3,2,3,3,3,2,3,3,2,3,3,No problems,4/5/2020 14:43,b
397,Yossi51,3,3,4,4,3,2,3,3,3,2,4,3,2,4,2,3,3,3,3,4,3,4,3,3,No problems,4/5/2020 14:41,b
398,Yossi52,2,2,3,2,3,4,2,2,4,4,3,4,4,3,4,2,4,4,2,2,3,2,4,3,No problems,4/5/2020 14:39,b
399,Yossi53,3,3,3,2,3,4,3,3,4,3,3,2,4,3,3,4,2,4,2,4,3,3,3,2,No problems,4/5/2020 14:37,b
400,Yossi54,2,3,3,2,2,2,3,3,2,4,4,4,3,4,4,4,3,3,2,2,4,3,3,3,No problems,4/5/2020 14:35,b
401,Yossi55,3,3,3,3,3,4,3,3,3,3,4,2,3,4,2,3,3,2,3,3,4,4,3,4,No problems,4/5/2020 14:33,b
402,Yossi56,4,3,2,3,4,3,4,3,3,4,2,4,3,4,2,3,4,3,3,2,4,3,4,2,No problems,4/5/2020 14:31,b
403,Yossi57,2,2,3,4,3,4,3,3,4,3,2,3,2,3,2,4,3,2,2,2,4,4,3,3,No problems,4/5/2020 14:29,b
404,Yossi58,3,3,3,4,3,4,3,4,2,2,3,4,3,3,4,3,3,4,2,2,4,3,4,4,No problems,4/5/2020 14:27,b
405,Yossi59,3,3,3,3,3,2,3,3,2,3,3,2,2,2,4,3,3,3,3,3,4,2,3,3,No problems,4/5/2020 14:25,b
406,Yossi60,2,3,2,3,2,4,2,2,4,4,3,3,4,4,3,2,2,3,3,3,3,2,2,2,No problems,4/5/2020 14:23,b
407,Yossi61,2,4,2,4,3,3,2,2,3,4,4,3,4,3,4,4,2,3,4,4,3,3,4,4,No problems,4/5/2020 14:21,b
408,Yossi62,3,2,3,3,3,3,3,4,3,2,2,2,3,2,2,3,3,2,2,3,3,4,3,2,No problems,4/5/2020 14:19,b
409,Yossi63,2,4,4,4,3,4,3,3,3,3,2,2,3,2,4,3,3,4,3,3,2,3,3,2,No problems,4/5/2020 14:17,b
410,Yossi64,4,3,2,2,2,2,2,2,4,4,4,3,4,3,2,4,3,3,2,4,3,3,2,4,No problems,4/5/2020 14:15,b
411,Yossi65,3,4,3,4,3,2,4,2,2,4,4,3,3,3,2,2,4,2,3,4,2,4,2,3,No problems,4/5/2020 14:13,b
412,Yossi66,2,2,3,2,3,3,3,3,4,3,3,3,3,3,4,3,3,4,4,2,2,2,3,3,No problems,4/5/2020 14:11,b
413,Yossi67,3,3,3,4,4,3,3,3,3,4,3,4,2,2,2,2,3,3,3,3,3,3,2,4,No problems,4/5/2020 14:09,b
414,Yossi68,2,2,2,4,4,3,3,3,4,3,3,4,2,3,3,2,4,4,3,3,2,4,3,3,No problems,4/5/2020 14:07,b
415,Yossi69,3,4,2,3,3,2,4,4,3,4,4,4,3,2,3,3,3,3,4,4,2,4,4,3,No problems,4/5/2020 14:05,b
416,Yossi70,3,4,2,3,3,2,3,3,2,2,2,3,2,3,3,3,3,3,3,2,3,3,4,2,No problems,4/5/2020 14:03,b
417,Yossi71,3,4,2,2,3,3,3,4,2,4,3,3,3,2,3,2,3,2,2,4,3,2,4,2,No problems,4/5/2020 14:01,b
418,Yossi72,2,3,3,3,2,3,2,4,3,3,2,4,3,2,4,2,3,3,3,3,3,4,3,4,No problems,4/5/2020 13:59,b
419,Yossi73,2,2,3,3,3,3,4,2,4,3,3,3,3,4,3,4,3,4,3,2,3,3,3,3,No problems,4/5/2020 13:57,b
420,Yossi74,3,3,4,3,2,4,4,2,4,2,2,3,3,3,2,3,3,4,4,2,3,2,3,4,No problems,4/5/2020 13:55,b
421,Yossi75,4,3,3,4,3,3,3,3,3,4,2,3,3,4,3,3,3,3,3,2,3,4,3,3,No problems,4/5/2020 13:53,b
422,Yossi76,2,2,3,4,3,4,4,2,3,3,2,3,3,4,4,2,2,4,2,4,3,3,2,2,No problems,4/5/2020 13:51,b
423,Yossi77,2,3,3,2,4,2,4,4,2,2,3,3,2,3,2,4,3,2,3,2,3,3,3,2,No problems,4/5/2020 13:49,b
424,Yossi78,3,3,4,3,3,3,2,3,3,3,3,4,4,3,3,4,4,4,4,4,2,3,3,2,No problems,4/5/2020 13:47,b
425,Yossi79,2,3,3,2,2,3,3,3,3,3,3,3,3,3,3,4,4,3,3,4,3,4,3,3,No problems,4/5/2020 13:45,b
426,Yossi80,2,3,4,3,4,4,3,4,3,2,3,2,2,3,2,4,3,3,3,3,3,2,3,4,No problems,4/5/2020 13:43,b
427,Yossi81,4,3,4,3,4,4,3,3,3,4,3,3,4,2,2,4,3,3,2,2,3,2,3,3,No problems,4/5/2020 13:41,b
428,Yossi82,2,3,2,3,4,2,4,3,3,3,2,4,2,3,4,3,2,2,3,2,3,3,4,2,No problems,4/5/2020 13:39,b
429,Yossi83,2,3,4,2,2,3,3,3,3,4,3,4,2,4,2,3,3,2,3,3,3,2,3,3,No problems,4/5/2020 13:37,b
430,Yossi84,3,3,3,3,4,3,3,4,2,3,3,3,3,3,2,3,3,2,3,3,4,4,2,4,No problems,4/5/2020 13:35,b
431,Yossi85,3,3,4,2,2,3,2,4,3,3,4,3,2,3,4,4,4,4,2,4,4,3,2,3,No problems,4/5/2020 13:33,b
432,Yossi86,4,4,3,4,2,4,3,3,3,2,4,3,3,3,3,3,3,3,4,2,2,3,3,3,No problems,4/5/2020 13:31,b
433,Yossi87,2,4,3,3,3,3,3,4,3,3,2,3,3,3,3,2,2,3,4,2,3,3,2,3,No problems,4/5/2020 13:29,b
434,Yossi88,4,4,4,3,3,4,3,2,4,2,4,3,3,3,3,3,4,3,4,4,3,2,2,3,No problems,4/5/2020 13:27,b
435,Yossi89,2,3,4,4,2,3,2,3,4,2,3,4,2,3,3,3,4,3,2,4,3,4,3,4,No problems,4/5/2020 13:25,b
436,Yossi90,5,4,4,4,3,5,4,3,4,3,3,3,4,5,2,4,3,2,2,3,5,5,5,4,No problems,4/5/2020 13:23,c
437,Yossi91,3,4,3,5,3,2,2,5,3,2,2,2,4,4,5,4,3,5,3,4,3,4,4,4,No problems,4/5/2020 13:21,c
438,Yossi92,5,4,4,3,2,3,2,2,5,3,3,5,2,3,3,5,3,3,4,4,2,3,3,4,No problems,4/5/2020 13:19,c
439,Yossi93,3,4,4,4,4,5,4,3,3,5,4,3,3,3,4,4,3,4,3,4,5,5,3,3,No problems,4/5/2020 13:17,c
440,Yossi94,4,5,2,4,5,2,3,5,4,3,3,4,4,4,4,2,5,4,3,4,2,4,4,3,No problems,4/5/2020 13:15,c
441,Yossi95,5,5,5,5,2,4,2,3,3,5,4,3,5,4,3,2,3,2,3,5,2,5,4,2,No problems,4/5/2020 13:13,c
442,Yossi96,3,5,3,3,4,4,3,2,4,5,4,5,2,4,4,4,4,2,3,5,2,4,3,5,No problems,4/5/2020 13:11,c
443,Yossi97,4,3,2,3,2,3,4,4,4,5,4,2,2,3,4,4,3,5,4,5,4,3,5,3,No problems,4/5/2020 13:09,c
444,Yossi98,2,4,4,4,5,4,3,4,3,4,3,3,4,2,3,4,4,2,2,3,4,4,3,3,No problems,4/5/2020 13:07,c
445,Yossi99,3,3,3,3,4,4,4,5,5,3,4,4,3,4,2,2,3,4,4,3,4,3,4,4,No problems,4/5/2020 13:05,c
446,Yossi100,3,5,3,4,2,3,5,4,3,5,2,5,3,3,3,5,5,3,2,4,5,3,3,3,No problems,4/5/2020 13:03,c
447,Yossi101,4,4,3,4,4,2,5,2,4,3,3,5,3,4,3,3,4,4,3,3,2,3,4,3,No problems,4/5/2020 13:01,c
448,Yossi102,5,3,3,5,4,4,5,3,5,4,2,4,3,3,4,3,4,3,2,4,3,5,4,4,No problems,4/5/2020 12:59,c
449,Yossi103,3,5,4,5,4,3,3,2,4,3,3,3,3,3,3,3,3,3,3,4,4,4,5,2,No problems,4/5/2020 12:57,c
450,Yossi104,3,3,3,5,2,4,5,3,4,4,3,3,3,4,2,4,4,2,2,2,2,4,4,4,No problems,4/5/2020 12:55,c
451,Yossi105,4,4,3,5,2,4,2,3,4,2,3,4,5,3,4,3,3,3,5,4,3,2,4,4,No problems,4/5/2020 12:53,c
452,Yossi106,4,3,4,2,5,4,2,4,3,2,5,3,4,5,4,3,3,4,3,4,2,2,4,2,No problems,4/5/2020 12:51,c
453,Yossi107,2,3,2,4,4,3,3,3,3,2,3,3,2,3,4,5,4,4,5,5,5,4,3,3,No problems,4/5/2020 12:49,c
454,Yossi108,3,5,4,3,3,3,2,4,4,2,4,3,2,4,4,4,5,2,4,4,5,2,2,4,No problems,4/5/2020 12:47,c
455,Yossi109,4,4,3,4,3,2,4,5,3,4,2,5,3,3,3,3,2,3,3,4,3,2,5,4,No problems,4/5/2020 12:45,c
456,Yossi110,4,5,4,5,4,3,3,4,4,5,5,4,4,2,5,3,4,3,2,2,3,3,5,4,No problems,4/5/2020 12:43,c
457,Yossi2,3,1,5,4,2,2,4,5,4,4,3,2,3,2,1,4,2,2,2,5,5,3,3,3,No problems,5/5/2020 11:42,b
458,Yossi3,1,3,2,3,2,2,2,5,5,2,4,5,4,2,3,3,4,3,3,4,2,3,2,2,No problems,4/5/2020 16:17,c
459,Yossi4,2,2,1,2,1,2,3,1,2,2,2,2,1,2,3,2,1,3,2,2,1,1,2,2,No problems,4/5/2020 16:15,a
460,Yossi5,2,3,3,2,2,2,2,2,2,1,2,2,2,3,1,3,3,1,1,1,1,2,2,2,No problems,4/5/2020 16:13,a
461,Yossi6,2,3,2,2,2,1,1,2,1,2,3,2,2,2,2,1,2,1,1,1,2,1,2,2,No problems,4/5/2020 16:11,a
462,Yossi7,1,2,2,3,2,3,3,2,1,2,3,1,1,1,3,2,2,2,2,2,3,2,2,2,No problems,4/5/2020 16:09,a
463,Yossi8,2,2,2,2,3,2,3,2,2,2,2,2,2,2,2,2,2,3,3,3,3,2,3,2,No problems,4/5/2020 16:07,a
464,Yossi9,2,2,3,2,3,2,1,2,1,1,2,3,2,1,2,2,3,3,2,2,2,2,1,3,No problems,4/5/2020 16:05,a
465,Yossi10,1,2,2,3,1,1,2,2,2,2,1,2,2,2,1,2,3,2,1,2,1,2,2,2,No problems,4/5/2020 16:03,a
466,Yossi11,3,2,1,2,3,1,3,2,3,3,2,1,2,2,3,2,2,1,2,2,1,2,2,1,No problems,4/5/2020 16:01,a
467,Yossi12,1,3,1,2,1,1,2,3,1,3,1,3,2,3,2,2,2,2,1,2,1,2,3,2,No problems,4/5/2020 15:59,a
468,Yossi13,3,2,3,1,3,1,2,1,2,3,2,3,2,2,1,3,2,1,2,2,2,2,3,2,No problems,4/5/2020 15:57,a
469,Yossi14,3,2,3,2,1,3,2,1,1,1,2,1,3,2,2,1,2,1,3,3,3,1,2,2,No problems,4/5/2020 15:55,a
470,Yossi15,3,2,3,2,3,3,2,3,2,2,3,3,1,1,2,1,1,2,3,2,2,1,3,2,No problems,4/5/2020 15:53,a
471,Yossi16,1,2,2,2,3,2,2,2,1,3,2,3,2,2,2,1,2,3,1,2,2,2,3,3,No problems,4/5/2020 15:51,a
472,Yossi17,1,1,2,1,2,2,3,2,3,2,1,3,2,1,2,2,1,1,1,3,1,3,2,1,No problems,4/5/2020 15:49,a
473,Yossi18,2,2,1,2,2,2,2,3,2,3,2,2,2,2,1,2,2,2,1,2,2,2,1,3,No problems,4/5/2020 15:47,a
474,Yossi19,2,1,3,1,1,1,2,1,2,3,2,3,3,2,2,1,1,3,2,2,2,3,2,3,No problems,4/5/2020 15:45,a
475,Yossi20,1,1,1,2,2,2,2,2,1,2,1,1,3,3,2,1,1,1,2,3,3,2,2,2,No problems,4/5/2020 15:43,a
476,Yossi21,2,2,3,2,1,3,2,2,3,2,2,2,2,2,2,2,2,2,3,1,3,2,2,3,No problems,4/5/2020 15:41,a
477,Yossi22,2,2,3,1,3,1,2,2,2,1,1,2,2,2,2,2,2,2,2,2,2,2,1,3,No problems,4/5/2020 15:39,a
478,Yossi23,2,2,2,3,1,1,1,2,2,1,2,3,2,2,2,1,1,2,1,3,3,1,2,2,No problems,4/5/2020 15:37,a
479,Yossi24,1,1,1,2,3,1,2,2,2,3,3,1,3,2,1,2,1,3,2,2,3,2,2,2,No problems,4/5/2020 15:35,a
480,Yossi25,2,1,2,3,2,2,1,2,2,3,2,3,2,1,3,1,1,2,1,2,2,2,2,3,No problems,4/5/2020 15:33,a
481,Yossi26,2,3,2,1,2,2,2,1,3,1,2,1,2,2,3,1,2,3,1,2,3,2,3,2,No problems,4/5/2020 15:31,a
482,Yossi27,2,2,2,2,3,3,2,1,2,3,2,1,2,2,1,1,1,3,2,1,2,3,1,1,No problems,4/5/2020 15:29,a
483,Yossi28,2,3,1,1,3,1,2,1,2,3,2,2,2,2,2,2,1,2,2,2,3,2,1,2,No problems,4/5/2020 15:27,a
484,Yossi29,2,2,3,2,1,2,1,2,1,3,2,1,2,2,2,2,2,1,2,2,3,1,1,2,No problems,4/5/2020 15:25,a
485,Yossi30,3,2,1,1,3,3,2,3,3,2,3,3,1,3,3,3,2,2,2,2,3,3,1,3,No problems,4/5/2020 15:23,a
486,Yossi31,2,2,1,3,1,1,2,2,2,2,3,1,2,1,1,2,1,1,1,1,2,2,2,1,No problems,4/5/2020 15:21,a
487,Yossi32,3,1,2,2,1,3,1,2,2,2,2,2,2,1,3,2,1,3,2,3,1,3,1,1,No problems,4/5/2020 15:19,a
488,Yossi33,2,3,2,3,2,2,2,1,2,2,2,2,2,2,3,2,2,3,2,3,1,2,2,2,No problems,4/5/2020 15:17,a
489,Yossi34,3,3,2,2,1,1,2,1,2,2,2,2,2,1,1,1,3,2,2,3,3,2,3,2,No problems,4/5/2020 15:15,a
490,Yossi35,1,1,2,2,2,2,1,2,3,1,2,3,2,1,2,2,2,1,2,3,1,2,1,2,No problems,4/5/2020 15:13,a
491,Yossi36,3,2,2,2,3,2,2,3,1,2,1,2,2,3,2,3,2,2,3,3,1,2,1,1,No problems,4/5/2020 15:11,a
492,Yossi37,2,2,2,2,3,3,2,2,2,1,1,2,1,2,1,2,3,2,1,3,1,1,2,2,No problems,4/5/2020 15:09,a
493,Yossi38,2,3,3,2,2,3,1,2,2,1,3,2,1,2,1,2,1,2,2,3,3,2,1,2,No problems,4/5/2020 15:07,a
494,Yossi39,2,3,1,2,2,1,2,2,2,3,2,3,3,3,1,3,2,1,3,3,2,3,3,1,No problems,4/5/2020 15:05,a
495,Yossi40,3,2,2,3,3,1,1,2,2,3,2,3,2,1,1,1,1,2,1,1,2,2,2,1,No problems,4/5/2020 15:03,a
496,Yossi41,1,2,2,1,2,3,1,2,2,2,3,3,1,1,2,3,1,1,2,3,1,2,2,1,No problems,4/5/2020 15:01,a
497,Yossi42,1,1,2,2,2,2,3,3,2,1,2,2,2,3,2,1,1,2,3,3,2,2,2,2,No problems,4/5/2020 14:59,a
498,Yossi43,2,2,2,2,3,3,2,2,3,1,2,2,2,3,2,2,3,2,2,1,3,2,3,2,No problems,4/5/2020 14:57,a
499,Yossi44,2,3,3,2,2,1,1,3,2,2,2,2,2,2,3,2,3,2,3,2,2,2,2,3,No problems,4/5/2020 14:55,a
500,Yossi45,3,2,2,3,3,2,2,2,2,1,2,2,2,3,3,2,3,2,1,3,1,1,1,2,No problems,4/5/2020 14:53,a
501,Yossi46,2,1,3,2,3,2,2,2,2,3,1,2,2,2,1,2,2,2,2,3,2,2,3,1,No problems,4/5/2020 14:51,a
502,Yossi47,3,2,1,1,1,1,2,3,3,2,2,3,3,1,1,2,2,2,1,3,3,2,3,2,No problems,4/5/2020 14:49,a
503,Yossi48,3,3,3,3,3,3,2,2,3,3,2,2,3,2,3,3,4,2,4,4,3,3,2,3,No problems,4/5/2020 14:47,b
504,Yossi49,3,3,4,3,2,4,2,3,3,3,3,3,3,3,3,2,4,3,3,3,2,3,3,2,No problems,4/5/2020 14:45,b
505,Yossi50,3,4,2,4,3,4,2,4,3,3,3,3,2,3,2,3,3,3,2,3,3,2,3,3,No problems,4/5/2020 14:43,b
506,Yossi51,3,3,4,4,3,2,3,3,3,2,4,3,2,4,2,3,3,3,3,4,3,4,3,3,No problems,4/5/2020 14:41,b
507,Yossi52,2,2,3,2,3,4,2,2,4,4,3,4,4,3,4,2,4,4,2,2,3,2,4,3,No problems,4/5/2020 14:39,b
508,Yossi53,3,3,3,2,3,4,3,3,4,3,3,2,4,3,3,4,2,4,2,4,3,3,3,2,No problems,4/5/2020 14:37,b
509,Yossi54,2,3,3,2,2,2,3,3,2,4,4,4,3,4,4,4,3,3,2,2,4,3,3,3,No problems,4/5/2020 14:35,b
510,Yossi55,3,3,3,3,3,4,3,3,3,3,4,2,3,4,2,3,3,2,3,3,4,4,3,4,No problems,4/5/2020 14:33,b
511,Yossi56,4,3,2,3,4,3,4,3,3,4,2,4,3,4,2,3,4,3,3,2,4,3,4,2,No problems,4/5/2020 14:31,b
512,Yossi57,2,2,3,4,3,4,3,3,4,3,2,3,2,3,2,4,3,2,2,2,4,4,3,3,No problems,4/5/2020 14:29,b
513,Yossi58,3,3,3,4,3,4,3,4,2,2,3,4,3,3,4,3,3,4,2,2,4,3,4,4,No problems,4/5/2020 14:27,b
514,Yossi59,3,3,3,3,3,2,3,3,2,3,3,2,2,2,4,3,3,3,3,3,4,2,3,3,No problems,4/5/2020 14:25,b
515,Yossi60,2,3,2,3,2,4,2,2,4,4,3,3,4,4,3,2,2,3,3,3,3,2,2,2,No problems,4/5/2020 14:23,b
516,Yossi61,2,4,2,4,3,3,2,2,3,4,4,3,4,3,4,4,2,3,4,4,3,3,4,4,No problems,4/5/2020 14:21,b
517,Yossi62,3,2,3,3,3,3,3,4,3,2,2,2,3,2,2,3,3,2,2,3,3,4,3,2,No problems,4/5/2020 14:19,b
518,Yossi63,2,4,4,4,3,4,3,3,3,3,2,2,3,2,4,3,3,4,3,3,2,3,3,2,No problems,4/5/2020 14:17,b
519,Yossi64,4,3,2,2,2,2,2,2,4,4,4,3,4,3,2,4,3,3,2,4,3,3,2,4,No problems,4/5/2020 14:15,b
520,Yossi65,3,4,3,4,3,2,4,2,2,4,4,3,3,3,2,2,4,2,3,4,2,4,2,3,No problems,4/5/2020 14:13,b
521,Yossi66,2,2,3,2,3,3,3,3,4,3,3,3,3,3,4,3,3,4,4,2,2,2,3,3,No problems,4/5/2020 14:11,b
522,Yossi67,3,3,3,4,4,3,3,3,3,4,3,4,2,2,2,2,3,3,3,3,3,3,2,4,No problems,4/5/2020 14:09,b
523,Yossi68,2,2,2,4,4,3,3,3,4,3,3,4,2,3,3,2,4,4,3,3,2,4,3,3,No problems,4/5/2020 14:07,b
524,Yossi69,3,4,2,3,3,2,4,4,3,4,4,4,3,2,3,3,3,3,4,4,2,4,4,3,No problems,4/5/2020 14:05,b
525,Yossi70,3,4,2,3,3,2,3,3,2,2,2,3,2,3,3,3,3,3,3,2,3,3,4,2,No problems,4/5/2020 14:03,b
526,Yossi71,3,4,2,2,3,3,3,4,2,4,3,3,3,2,3,2,3,2,2,4,3,2,4,2,No problems,4/5/2020 14:01,b
527,Yossi72,2,3,3,3,2,3,2,4,3,3,2,4,3,2,4,2,3,3,3,3,3,4,3,4,No problems,4/5/2020 13:59,b
528,Yossi73,2,2,3,3,3,3,4,2,4,3,3,3,3,4,3,4,3,4,3,2,3,3,3,3,No problems,4/5/2020 13:57,b
529,Yossi74,3,3,4,3,2,4,4,2,4,2,2,3,3,3,2,3,3,4,4,2,3,2,3,4,No problems,4/5/2020 13:55,b
530,Yossi75,4,3,3,4,3,3,3,3,3,4,2,3,3,4,3,3,3,3,3,2,3,4,3,3,No problems,4/5/2020 13:53,b
531,Yossi76,2,2,3,4,3,4,4,2,3,3,2,3,3,4,4,2,2,4,2,4,3,3,2,2,No problems,4/5/2020 13:51,b
532,Yossi77,2,3,3,2,4,2,4,4,2,2,3,3,2,3,2,4,3,2,3,2,3,3,3,2,No problems,4/5/2020 13:49,b
533,Yossi78,3,3,4,3,3,3,2,3,3,3,3,4,4,3,3,4,4,4,4,4,2,3,3,2,No problems,4/5/2020 13:47,b
534,Yossi79,2,3,3,2,2,3,3,3,3,3,3,3,3,3,3,4,4,3,3,4,3,4,3,3,No problems,4/5/2020 13:45,b
535,Yossi80,2,3,4,3,4,4,3,4,3,2,3,2,2,3,2,4,3,3,3,3,3,2,3,4,No problems,4/5/2020 13:43,b
536,Yossi81,4,3,4,3,4,4,3,3,3,4,3,3,4,2,2,4,3,3,2,2,3,2,3,3,No problems,4/5/2020 13:41,b
537,Yossi82,2,3,2,3,4,2,4,3,3,3,2,4,2,3,4,3,2,2,3,2,3,3,4,2,No problems,4/5/2020 13:39,b
538,Yossi83,2,3,4,2,2,3,3,3,3,4,3,4,2,4,2,3,3,2,3,3,3,2,3,3,No problems,4/5/2020 13:37,b
539,Yossi84,3,3,3,3,4,3,3,4,2,3,3,3,3,3,2,3,3,2,3,3,4,4,2,4,No problems,4/5/2020 13:35,b
540,Yossi85,3,3,4,2,2,3,2,4,3,3,4,3,2,3,4,4,4,4,2,4,4,3,2,3,No problems,4/5/2020 13:33,b
541,Yossi86,4,4,3,4,2,4,3,3,3,2,4,3,3,3,3,3,3,3,4,2,2,3,3,3,No problems,4/5/2020 13:31,b
542,Yossi87,2,4,3,3,3,3,3,4,3,3,2,3,3,3,3,2,2,3,4,2,3,3,2,3,No problems,4/5/2020 13:29,b
543,Yossi88,4,4,4,3,3,4,3,2,4,2,4,3,3,3,3,3,4,3,4,4,3,2,2,3,No problems,4/5/2020 13:27,b
544,Yossi89,2,3,4,4,2,3,2,3,4,2,3,4,2,3,3,3,4,3,2,4,3,4,3,4,No problems,4/5/2020 13:25,b
545,Yossi90,5,4,4,4,3,5,4,3,4,3,3,3,4,5,2,4,3,2,2,3,5,5,5,4,No problems,4/5/2020 13:23,c
546,Yossi91,3,4,3,5,3,2,2,5,3,2,2,2,4,4,5,4,3,5,3,4,3,4,4,4,No problems,4/5/2020 13:21,c
547,Yossi92,5,4,4,3,2,3,2,2,5,3,3,5,2,3,3,5,3,3,4,4,2,3,3,4,No problems,4/5/2020 13:19,c
548,Yossi93,3,4,4,4,4,5,4,3,3,5,4,3,3,3,4,4,3,4,3,4,5,5,3,3,No problems,4/5/2020 13:17,c
549,Yossi94,4,5,2,4,5,2,3,5,4,3,3,4,4,4,4,2,5,4,3,4,2,4,4,3,No problems,4/5/2020 13:15,c
550,Yossi95,5,5,5,5,2,4,2,3,3,5,4,3,5,4,3,2,3,2,3,5,2,5,4,2,No problems,4/5/2020 13:13,c
551,Yossi96,3,5,3,3,4,4,3,2,4,5,4,5,2,4,4,4,4,2,3,5,2,4,3,5,No problems,4/5/2020 13:11,c
552,Yossi97,4,3,2,3,2,3,4,4,4,5,4,2,2,3,4,4,3,5,4,5,4,3,5,3,No problems,4/5/2020 13:09,c
553,Yossi98,2,4,4,4,5,4,3,4,3,4,3,3,4,2,3,4,4,2,2,3,4,4,3,3,No problems,4/5/2020 13:07,c
554,Yossi99,3,3,3,3,4,4,4,5,5,3,4,4,3,4,2,2,3,4,4,3,4,3,4,4,No problems,4/5/2020 13:05,c
555,Yossi100,3,5,3,4,2,3,5,4,3,5,2,5,3,3,3,5,5,3,2,4,5,3,3,3,No problems,4/5/2020 13:03,c
556,Yossi101,4,4,3,4,4,2,5,2,4,3,3,5,3,4,3,3,4,4,3,3,2,3,4,3,No problems,4/5/2020 13:01,c
557,Yossi102,5,3,3,5,4,4,5,3,5,4,2,4,3,3,4,3,4,3,2,4,3,5,4,4,No problems,4/5/2020 12:59,c
558,Yossi103,3,5,4,5,4,3,3,2,4,3,3,3,3,3,3,3,3,3,3,4,4,4,5,2,No problems,4/5/2020 12:57,c
559,Yossi104,3,3,3,5,2,4,5,3,4,4,3,3,3,4,2,4,4,2,2,2,2,4,4,4,No problems,4/5/2020 12:55,c
560,Yossi105,4,4,3,5,2,4,2,3,4,2,3,4,5,3,4,3,3,3,5,4,3,2,4,4,No problems,4/5/2020 12:53,c
561,Yossi106,4,3,4,2,5,4,2,4,3,2,5,3,4,5,4,3,3,4,3,4,2,2,4,2,No problems,4/5/2020 12:51,c
562,Yossi107,2,3,2,4,4,3,3,3,3,2,3,3,2,3,4,5,4,4,5,5,5,4,3,3,No problems,4/5/2020 12:49,c
563,Yossi108,3,5,4,3,3,3,2,4,4,2,4,3,2,4,4,4,5,2,4,4,5,2,2,4,No problems,4/5/2020 12:47,c
564,Yossi109,4,4,3,4,3,2,4,5,3,4,2,5,3,3,3,3,2,3,3,4,3,2,5,4,No problems,4/5/2020 12:45,c
565,Yossi110,4,5,4,5,4,3,3,4,4,5,5,4,4,2,5,3,4,3,2,2,3,3,5,4,No problems,4/5/2020 12:43,c
566,Yossi2,3,1,5,4,2,2,4,5,4,4,3,2,3,2,1,4,2,2,2,5,5,3,3,3,No problems,5/5/2020 11:42,b
567,Yossi3,1,3,2,3,2,2,2,5,5,2,4,5,4,2,3,3,4,3,3,4,2,3,2,2,No problems,4/5/2020 16:17,c
568,Yossi4,2,2,1,2,1,2,3,1,2,2,2,2,1,2,3,2,1,3,2,2,1,1,2,2,No problems,4/5/2020 16:15,a
569,Yossi5,2,3,3,2,2,2,2,2,2,1,2,2,2,3,1,3,3,1,1,1,1,2,2,2,No problems,4/5/2020 16:13,a
570,Yossi6,2,3,2,2,2,1,1,2,1,2,3,2,2,2,2,1,2,1,1,1,2,1,2,2,No problems,4/5/2020 16:11,a
571,Yossi7,1,2,2,3,2,3,3,2,1,2,3,1,1,1,3,2,2,2,2,2,3,2,2,2,No problems,4/5/2020 16:09,a
572,Yossi8,2,2,2,2,3,2,3,2,2,2,2,2,2,2,2,2,2,3,3,3,3,2,3,2,No problems,4/5/2020 16:07,a
573,Yossi9,2,2,3,2,3,2,1,2,1,1,2,3,2,1,2,2,3,3,2,2,2,2,1,3,No problems,4/5/2020 16:05,a
574,Yossi10,1,2,2,3,1,1,2,2,2,2,1,2,2,2,1,2,3,2,1,2,1,2,2,2,No problems,4/5/2020 16:03,a
575,Yossi11,3,2,1,2,3,1,3,2,3,3,2,1,2,2,3,2,2,1,2,2,1,2,2,1,No problems,4/5/2020 16:01,a
576,Yossi12,1,3,1,2,1,1,2,3,1,3,1,3,2,3,2,2,2,2,1,2,1,2,3,2,No problems,4/5/2020 15:59,a
577,Yossi13,3,2,3,1,3,1,2,1,2,3,2,3,2,2,1,3,2,1,2,2,2,2,3,2,No problems,4/5/2020 15:57,a
578,Yossi14,3,2,3,2,1,3,2,1,1,1,2,1,3,2,2,1,2,1,3,3,3,1,2,2,No problems,4/5/2020 15:55,a
579,Yossi15,3,2,3,2,3,3,2,3,2,2,3,3,1,1,2,1,1,2,3,2,2,1,3,2,No problems,4/5/2020 15:53,a
580,Yossi16,1,2,2,2,3,2,2,2,1,3,2,3,2,2,2,1,2,3,1,2,2,2,3,3,No problems,4/5/2020 15:51,a
581,Yossi17,1,1,2,1,2,2,3,2,3,2,1,3,2,1,2,2,1,1,1,3,1,3,2,1,No problems,4/5/2020 15:49,a
582,Yossi18,2,2,1,2,2,2,2,3,2,3,2,2,2,2,1,2,2,2,1,2,2,2,1,3,No problems,4/5/2020 15:47,a
583,Yossi19,2,1,3,1,1,1,2,1,2,3,2,3,3,2,2,1,1,3,2,2,2,3,2,3,No problems,4/5/2020 15:45,a
584,Yossi20,1,1,1,2,2,2,2,2,1,2,1,1,3,3,2,1,1,1,2,3,3,2,2,2,No problems,4/5/2020 15:43,a
585,Yossi21,2,2,3,2,1,3,2,2,3,2,2,2,2,2,2,2,2,2,3,1,3,2,2,3,No problems,4/5/2020 15:41,a
586,Yossi22,2,2,3,1,3,1,2,2,2,1,1,2,2,2,2,2,2,2,2,2,2,2,1,3,No problems,4/5/2020 15:39,a
587,Yossi23,2,2,2,3,1,1,1,2,2,1,2,3,2,2,2,1,1,2,1,3,3,1,2,2,No problems,4/5/2020 15:37,a
588,Yossi24,1,1,1,2,3,1,2,2,2,3,3,1,3,2,1,2,1,3,2,2,3,2,2,2,No problems,4/5/2020 15:35,a
589,Yossi25,2,1,2,3,2,2,1,2,2,3,2,3,2,1,3,1,1,2,1,2,2,2,2,3,No problems,4/5/2020 15:33,a
590,Yossi26,2,3,2,1,2,2,2,1,3,1,2,1,2,2,3,1,2,3,1,2,3,2,3,2,No problems,4/5/2020 15:31,a
591,Yossi27,2,2,2,2,3,3,2,1,2,3,2,1,2,2,1,1,1,3,2,1,2,3,1,1,No problems,4/5/2020 15:29,a
592,Yossi28,2,3,1,1,3,1,2,1,2,3,2,2,2,2,2,2,1,2,2,2,3,2,1,2,No problems,4/5/2020 15:27,a
593,Yossi29,2,2,3,2,1,2,1,2,1,3,2,1,2,2,2,2,2,1,2,2,3,1,1,2,No problems,4/5/2020 15:25,a
594,Yossi30,3,2,1,1,3,3,2,3,3,2,3,3,1,3,3,3,2,2,2,2,3,3,1,3,No problems,4/5/2020 15:23,a
595,Yossi31,2,2,1,3,1,1,2,2,2,2,3,1,2,1,1,2,1,1,1,1,2,2,2,1,No problems,4/5/2020 15:21,a
596,Yossi32,3,1,2,2,1,3,1,2,2,2,2,2,2,1,3,2,1,3,2,3,1,3,1,1,No problems,4/5/2020 15:19,a
597,Yossi33,2,3,2,3,2,2,2,1,2,2,2,2,2,2,3,2,2,3,2,3,1,2,2,2,No problems,4/5/2020 15:17,a
598,Yossi34,3,3,2,2,1,1,2,1,2,2,2,2,2,1,1,1,3,2,2,3,3,2,3,2,No problems,4/5/2020 15:15,a
599,Yossi35,1,1,2,2,2,2,1,2,3,1,2,3,2,1,2,2,2,1,2,3,1,2,1,2,No problems,4/5/2020 15:13,a
600,Yossi36,3,2,2,2,3,2,2,3,1,2,1,2,2,3,2,3,2,2,3,3,1,2,1,1,No problems,4/5/2020 15:11,a
601,Yossi37,2,2,2,2,3,3,2,2,2,1,1,2,1,2,1,2,3,2,1,3,1,1,2,2,No problems,4/5/2020 15:09,a
602,Yossi38,2,3,3,2,2,3,1,2,2,1,3,2,1,2,1,2,1,2,2,3,3,2,1,2,No problems,4/5/2020 15:07,a
603,Yossi39,2,3,1,2,2,1,2,2,2,3,2,3,3,3,1,3,2,1,3,3,2,3,3,1,No problems,4/5/2020 15:05,a
604,Yossi40,3,2,2,3,3,1,1,2,2,3,2,3,2,1,1,1,1,2,1,1,2,2,2,1,No problems,4/5/2020 15:03,a
605,Yossi41,1,2,2,1,2,3,1,2,2,2,3,3,1,1,2,3,1,1,2,3,1,2,2,1,No problems,4/5/2020 15:01,a
606,Yossi42,1,1,2,2,2,2,3,3,2,1,2,2,2,3,2,1,1,2,3,3,2,2,2,2,No problems,4/5/2020 14:59,a
607,Yossi43,2,2,2,2,3,3,2,2,3,1,2,2,2,3,2,2,3,2,2,1,3,2,3,2,No problems,4/5/2020 14:57,a
608,Yossi44,2,3,3,2,2,1,1,3,2,2,2,2,2,2,3,2,3,2,3,2,2,2,2,3,No problems,4/5/2020 14:55,a
609,Yossi45,3,2,2,3,3,2,2,2,2,1,2,2,2,3,3,2,3,2,1,3,1,1,1,2,No problems,4/5/2020 14:53,a
610,Yossi46,2,1,3,2,3,2,2,2,2,3,1,2,2,2,1,2,2,2,2,3,2,2,3,1,No problems,4/5/2020 14:51,a
611,Yossi47,3,2,1,1,1,1,2,3,3,2,2,3,3,1,1,2,2,2,1,3,3,2,3,2,No problems,4/5/2020 14:49,a
612,Yossi48,3,3,3,3,3,3,2,2,3,3,2,2,3,2,3,3,4,2,4,4,3,3,2,3,No problems,4/5/2020 14:47,b
613,Yossi49,3,3,4,3,2,4,2,3,3,3,3,3,3,3,3,2,4,3,3,3,2,3,3,2,No problems,4/5/2020 14:45,b
614,Yossi50,3,4,2,4,3,4,2,4,3,3,3,3,2,3,2,3,3,3,2,3,3,2,3,3,No problems,4/5/2020 14:43,b
615,Yossi51,3,3,4,4,3,2,3,3,3,2,4,3,2,4,2,3,3,3,3,4,3,4,3,3,No problems,4/5/2020 14:41,b
616,Yossi52,2,2,3,2,3,4,2,2,4,4,3,4,4,3,4,2,4,4,2,2,3,2,4,3,No problems,4/5/2020 14:39,b
617,Yossi53,3,3,3,2,3,4,3,3,4,3,3,2,4,3,3,4,2,4,2,4,3,3,3,2,No problems,4/5/2020 14:37,b
618,Yossi54,2,3,3,2,2,2,3,3,2,4,4,4,3,4,4,4,3,3,2,2,4,3,3,3,No problems,4/5/2020 14:35,b
619,Yossi55,3,3,3,3,3,4,3,3,3,3,4,2,3,4,2,3,3,2,3,3,4,4,3,4,No problems,4/5/2020 14:33,b
620,Yossi56,4,3,2,3,4,3,4,3,3,4,2,4,3,4,2,3,4,3,3,2,4,3,4,2,No problems,4/5/2020 14:31,b
621,Yossi57,2,2,3,4,3,4,3,3,4,3,2,3,2,3,2,4,3,2,2,2,4,4,3,3,No problems,4/5/2020 14:29,b
622,Yossi58,3,3,3,4,3,4,3,4,2,2,3,4,3,3,4,3,3,4,2,2,4,3,4,4,No problems,4/5/2020 14:27,b
623,Yossi59,3,3,3,3,3,2,3,3,2,3,3,2,2,2,4,3,3,3,3,3,4,2,3,3,No problems,4/5/2020 14:25,b
624,Yossi60,2,3,2,3,2,4,2,2,4,4,3,3,4,4,3,2,2,3,3,3,3,2,2,2,No problems,4/5/2020 14:23,b
625,Yossi61,2,4,2,4,3,3,2,2,3,4,4,3,4,3,4,4,2,3,4,4,3,3,4,4,No problems,4/5/2020 14:21,b
626,Yossi62,3,2,3,3,3,3,3,4,3,2,2,2,3,2,2,3,3,2,2,3,3,4,3,2,No problems,4/5/2020 14:19,b
627,Yossi63,2,4,4,4,3,4,3,3,3,3,2,2,3,2,4,3,3,4,3,3,2,3,3,2,No problems,4/5/2020 14:17,b
628,Yossi64,4,3,2,2,2,2,2,2,4,4,4,3,4,3,2,4,3,3,2,4,3,3,2,4,No problems,4/5/2020 14:15,b
629,Yossi65,3,4,3,4,3,2,4,2,2,4,4,3,3,3,2,2,4,2,3,4,2,4,2,3,No problems,4/5/2020 14:13,b
630,Yossi66,2,2,3,2,3,3,3,3,4,3,3,3,3,3,4,3,3,4,4,2,2,2,3,3,No problems,4/5/2020 14:11,b
631,Yossi67,3,3,3,4,4,3,3,3,3,4,3,4,2,2,2,2,3,3,3,3,3,3,2,4,No problems,4/5/2020 14:09,b
632,Yossi68,2,2,2,4,4,3,3,3,4,3,3,4,2,3,3,2,4,4,3,3,2,4,3,3,No problems,4/5/2020 14:07,b
633,Yossi69,3,4,2,3,3,2,4,4,3,4,4,4,3,2,3,3,3,3,4,4,2,4,4,3,No problems,4/5/2020 14:05,b
634,Yossi70,3,4,2,3,3,2,3,3,2,2,2,3,2,3,3,3,3,3,3,2,3,3,4,2,No problems,4/5/2020 14:03,b
635,Yossi71,3,4,2,2,3,3,3,4,2,4,3,3,3,2,3,2,3,2,2,4,3,2,4,2,No problems,4/5/2020 14:01,b
636,Yossi72,2,3,3,3,2,3,2,4,3,3,2,4,3,2,4,2,3,3,3,3,3,4,3,4,No problems,4/5/2020 13:59,b
637,Yossi73,2,2,3,3,3,3,4,2,4,3,3,3,3,4,3,4,3,4,3,2,3,3,3,3,No problems,4/5/2020 13:57,b
638,Yossi74,3,3,4,3,2,4,4,2,4,2,2,3,3,3,2,3,3,4,4,2,3,2,3,4,No problems,4/5/2020 13:55,b
639,Yossi75,4,3,3,4,3,3,3,3,3,4,2,3,3,4,3,3,3,3,3,2,3,4,3,3,No problems,4/5/2020 13:53,b
640,Yossi76,2,2,3,4,3,4,4,2,3,3,2,3,3,4,4,2,2,4,2,4,3,3,2,2,No problems,4/5/2020 13:51,b
641,Yossi77,2,3,3,2,4,2,4,4,2,2,3,3,2,3,2,4,3,2,3,2,3,3,3,2,No problems,4/5/2020 13:49,b
642,Yossi78,3,3,4,3,3,3,2,3,3,3,3,4,4,3,3,4,4,4,4,4,2,3,3,2,No problems,4/5/2020 13:47,b
643,Yossi79,2,3,3,2,2,3,3,3,3,3,3,3,3,3,3,4,4,3,3,4,3,4,3,3,No problems,4/5/2020 13:45,b
644,Yossi80,2,3,4,3,4,4,3,4,3,2,3,2,2,3,2,4,3,3,3,3,3,2,3,4,No problems,4/5/2020 13:43,b
645,Yossi81,4,3,4,3,4,4,3,3,3,4,3,3,4,2,2,4,3,3,2,2,3,2,3,3,No problems,4/5/2020 13:41,b
646,Yossi82,2,3,2,3,4,2,4,3,3,3,2,4,2,3,4,3,2,2,3,2,3,3,4,2,No problems,4/5/2020 13:39,b
647,Yossi83,2,3,4,2,2,3,3,3,3,4,3,4,2,4,2,3,3,2,3,3,3,2,3,3,No problems,4/5/2020 13:37,b
648,Yossi84,3,3,3,3,4,3,3,4,2,3,3,3,3,3,2,3,3,2,3,3,4,4,2,4,No problems,4/5/2020 13:35,b
649,Yossi85,3,3,4,2,2,3,2,4,3,3,4,3,2,3,4,4,4,4,2,4,4,3,2,3,No problems,4/5/2020 13:33,b
650,Yossi86,4,4,3,4,2,4,3,3,3,2,4,3,3,3,3,3,3,3,4,2,2,3,3,3,No problems,4/5/2020 13:31,b
651,Yossi87,2,4,3,3,3,3,3,4,3,3,2,3,3,3,3,2,2,3,4,2,3,3,2,3,No problems,4/5/2020 13:29,b
652,Yossi88,4,4,4,3,3,4,3,2,4,2,4,3,3,3,3,3,4,3,4,4,3,2,2,3,No problems,4/5/2020 13:27,b
653,Yossi89,2,3,4,4,2,3,2,3,4,2,3,4,2,3,3,3,4,3,2,4,3,4,3,4,No problems,4/5/2020 13:25,b
654,Yossi90,5,4,4,4,3,5,4,3,4,3,3,3,4,5,2,4,3,2,2,3,5,5,5,4,No problems,4/5/2020 13:23,c
655,Yossi91,3,4,3,5,3,2,2,5,3,2,2,2,4,4,5,4,3,5,3,4,3,4,4,4,No problems,4/5/2020 13:21,c
656,Yossi92,5,4,4,3,2,3,2,2,5,3,3,5,2,3,3,5,3,3,4,4,2,3,3,4,No problems,4/5/2020 13:19,c
657,Yossi93,3,4,4,4,4,5,4,3,3,5,4,3,3,3,4,4,3,4,3,4,5,5,3,3,No problems,4/5/2020 13:17,c
658,Yossi94,4,5,2,4,5,2,3,5,4,3,3,4,4,4,4,2,5,4,3,4,2,4,4,3,No problems,4/5/2020 13:15,c
659,Yossi95,5,5,5,5,2,4,2,3,3,5,4,3,5,4,3,2,3,2,3,5,2,5,4,2,No problems,4/5/2020 13:13,c
660,Yossi96,3,5,3,3,4,4,3,2,4,5,4,5,2,4,4,4,4,2,3,5,2,4,3,5,No problems,4/5/2020 13:11,c
661,Yossi97,4,3,2,3,2,3,4,4,4,5,4,2,2,3,4,4,3,5,4,5,4,3,5,3,No problems,4/5/2020 13:09,c
662,Yossi98,2,4,4,4,5,4,3,4,3,4,3,3,4,2,3,4,4,2,2,3,4,4,3,3,No problems,4/5/2020 13:07,c
663,Yossi99,3,3,3,3,4,4,4,5,5,3,4,4,3,4,2,2,3,4,4,3,4,3,4,4,No problems,4/5/2020 13:05,c
664,Yossi100,3,5,3,4,2,3,5,4,3,5,2,5,3,3,3,5,5,3,2,4,5,3,3,3,No problems,4/5/2020 13:03,c
665,Yossi101,4,4,3,4,4,2,5,2,4,3,3,5,3,4,3,3,4,4,3,3,2,3,4,3,No problems,4/5/2020 13:01,c
666,Yossi102,5,3,3,5,4,4,5,3,5,4,2,4,3,3,4,3,4,3,2,4,3,5,4,4,No problems,4/5/2020 12:59,c
667,Yossi103,3,5,4,5,4,3,3,2,4,3,3,3,3,3,3,3,3,3,3,4,4,4,5,2,No problems,4/5/2020 12:57,c
668,Yossi104,3,3,3,5,2,4,5,3,4,4,3,3,3,4,2,4,4,2,2,2,2,4,4,4,No problems,4/5/2020 12:55,c
669,Yossi105,4,4,3,5,2,4,2,3,4,2,3,4,5,3,4,3,3,3,5,4,3,2,4,4,No problems,4/5/2020 12:53,c
670,Yossi106,4,3,4,2,5,4,2,4,3,2,5,3,4,5,4,3,3,4,3,4,2,2,4,2,No problems,4/5/2020 12:51,c
671,Yossi107,2,3,2,4,4,3,3,3,3,2,3,3,2,3,4,5,4,4,5,5,5,4,3,3,No problems,4/5/2020 12:49,c
672,Yossi108,3,5,4,3,3,3,2,4,4,2,4,3,2,4,4,4,5,2,4,4,5,2,2,4,No problems,4/5/2020 12:47,c
673,Yossi109,4,4,3,4,3,2,4,5,3,4,2,5,3,3,3,3,2,3,3,4,3,2,5,4,No problems,4/5/2020 12:45,c
674,Yossi110,4,5,4,5,4,3,3,4,4,5,5,4,4,2,5,3,4,3,2,2,3,3,5,4,No problems,4/5/2020 12:43,c
675,Yossi2,3,1,5,4,2,2,4,5,4,4,3,2,3,2,1,4,2,2,2,5,5,3,3,3,No problems,5/5/2020 11:42,b
676,Yossi3,1,3,2,3,2,2,2,5,5,2,4,5,4,2,3,3,4,3,3,4,2,3,2,2,No problems,4/5/2020 16:17,c
677,Yossi4,2,2,1,2,1,2,3,1,2,2,2,2,1,2,3,2,1,3,2,2,1,1,2,2,No problems,4/5/2020 16:15,a
678,Yossi5,2,3,3,2,2,2,2,2,2,1,2,2,2,3,1,3,3,1,1,1,1,2,2,2,No problems,4/5/2020 16:13,a
679,Yossi6,2,3,2,2,2,1,1,2,1,2,3,2,2,2,2,1,2,1,1,1,2,1,2,2,No problems,4/5/2020 16:11,a
680,Yossi7,1,2,2,3,2,3,3,2,1,2,3,1,1,1,3,2,2,2,2,2,3,2,2,2,No problems,4/5/2020 16:09,a
681,Yossi8,2,2,2,2,3,2,3,2,2,2,2,2,2,2,2,2,2,3,3,3,3,2,3,2,No problems,4/5/2020 16:07,a
682,Yossi9,2,2,3,2,3,2,1,2,1,1,2,3,2,1,2,2,3,3,2,2,2,2,1,3,No problems,4/5/2020 16:05,a
683,Yossi10,1,2,2,3,1,1,2,2,2,2,1,2,2,2,1,2,3,2,1,2,1,2,2,2,No problems,4/5/2020 16:03,a
684,Yossi11,3,2,1,2,3,1,3,2,3,3,2,1,2,2,3,2,2,1,2,2,1,2,2,1,No problems,4/5/2020 16:01,a
685,Yossi12,1,3,1,2,1,1,2,3,1,3,1,3,2,3,2,2,2,2,1,2,1,2,3,2,No problems,4/5/2020 15:59,a
686,Yossi13,3,2,3,1,3,1,2,1,2,3,2,3,2,2,1,3,2,1,2,2,2,2,3,2,No problems,4/5/2020 15:57,a
687,Yossi14,3,2,3,2,1,3,2,1,1,1,2,1,3,2,2,1,2,1,3,3,3,1,2,2,No problems,4/5/2020 15:55,a
688,Yossi15,3,2,3,2,3,3,2,3,2,2,3,3,1,1,2,1,1,2,3,2,2,1,3,2,No problems,4/5/2020 15:53,a
689,Yossi16,1,2,2,2,3,2,2,2,1,3,2,3,2,2,2,1,2,3,1,2,2,2,3,3,No problems,4/5/2020 15:51,a
690,Yossi17,1,1,2,1,2,2,3,2,3,2,1,3,2,1,2,2,1,1,1,3,1,3,2,1,No problems,4/5/2020 15:49,a
691,Yossi18,2,2,1,2,2,2,2,3,2,3,2,2,2,2,1,2,2,2,1,2,2,2,1,3,No problems,4/5/2020 15:47,a
692,Yossi19,2,1,3,1,1,1,2,1,2,3,2,3,3,2,2,1,1,3,2,2,2,3,2,3,No problems,4/5/2020 15:45,a
693,Yossi20,1,1,1,2,2,2,2,2,1,2,1,1,3,3,2,1,1,1,2,3,3,2,2,2,No problems,4/5/2020 15:43,a
694,Yossi21,2,2,3,2,1,3,2,2,3,2,2,2,2,2,2,2,2,2,3,1,3,2,2,3,No problems,4/5/2020 15:41,a
695,Yossi22,2,2,3,1,3,1,2,2,2,1,1,2,2,2,2,2,2,2,2,2,2,2,1,3,No problems,4/5/2020 15:39,a
696,Yossi23,2,2,2,3,1,1,1,2,2,1,2,3,2,2,2,1,1,2,1,3,3,1,2,2,No problems,4/5/2020 15:37,a
697,Yossi24,1,1,1,2,3,1,2,2,2,3,3,1,3,2,1,2,1,3,2,2,3,2,2,2,No problems,4/5/2020 15:35,a
698,Yossi25,2,1,2,3,2,2,1,2,2,3,2,3,2,1,3,1,1,2,1,2,2,2,2,3,No problems,4/5/2020 15:33,a
699,Yossi26,2,3,2,1,2,2,2,1,3,1,2,1,2,2,3,1,2,3,1,2,3,2,3,2,No problems,4/5/2020 15:31,a
700,Yossi27,2,2,2,2,3,3,2,1,2,3,2,1,2,2,1,1,1,3,2,1,2,3,1,1,No problems,4/5/2020 15:29,a
701,Yossi28,2,3,1,1,3,1,2,1,2,3,2,2,2,2,2,2,1,2,2,2,3,2,1,2,No problems,4/5/2020 15:27,a
702,Yossi29,2,2,3,2,1,2,1,2,1,3,2,1,2,2,2,2,2,1,2,2,3,1,1,2,No problems,4/5/2020 15:25,a
703,Yossi30,3,2,1,1,3,3,2,3,3,2,3,3,1,3,3,3,2,2,2,2,3,3,1,3,No problems,4/5/2020 15:23,a
704,Yossi31,2,2,1,3,1,1,2,2,2,2,3,1,2,1,1,2,1,1,1,1,2,2,2,1,No problems,4/5/2020 15:21,a
705,Yossi32,3,1,2,2,1,3,1,2,2,2,2,2,2,1,3,2,1,3,2,3,1,3,1,1,No problems,4/5/2020 15:19,a
706,Yossi33,2,3,2,3,2,2,2,1,2,2,2,2,2,2,3,2,2,3,2,3,1,2,2,2,No problems,4/5/2020 15:17,a
707,Yossi34,3,3,2,2,1,1,2,1,2,2,2,2,2,1,1,1,3,2,2,3,3,2,3,2,No problems,4/5/2020 15:15,a
708,Yossi35,1,1,2,2,2,2,1,2,3,1,2,3,2,1,2,2,2,1,2,3,1,2,1,2,No problems,4/5/2020 15:13,a
709,Yossi36,3,2,2,2,3,2,2,3,1,2,1,2,2,3,2,3,2,2,3,3,1,2,1,1,No problems,4/5/2020 15:11,a
710,Yossi37,2,2,2,2,3,3,2,2,2,1,1,2,1,2,1,2,3,2,1,3,1,1,2,2,No problems,4/5/2020 15:09,a
711,Yossi38,2,3,3,2,2,3,1,2,2,1,3,2,1,2,1,2,1,2,2,3,3,2,1,2,No problems,4/5/2020 15:07,a
712,Yossi39,2,3,1,2,2,1,2,2,2,3,2,3,3,3,1,3,2,1,3,3,2,3,3,1,No problems,4/5/2020 15:05,a
713,Yossi40,3,2,2,3,3,1,1,2,2,3,2,3,2,1,1,1,1,2,1,1,2,2,2,1,No problems,4/5/2020 15:03,a
714,Yossi41,1,2,2,1,2,3,1,2,2,2,3,3,1,1,2,3,1,1,2,3,1,2,2,1,No problems,4/5/2020 15:01,a
715,Yossi42,1,1,2,2,2,2,3,3,2,1,2,2,2,3,2,1,1,2,3,3,2,2,2,2,No problems,4/5/2020 14:59,a
716,Yossi43,2,2,2,2,3,3,2,2,3,1,2,2,2,3,2,2,3,2,2,1,3,2,3,2,No problems,4/5/2020 14:57,a
717,Yossi44,2,3,3,2,2,1,1,3,2,2,2,2,2,2,3,2,3,2,3,2,2,2,2,3,No problems,4/5/2020 14:55,a
718,Yossi45,3,2,2,3,3,2,2,2,2,1,2,2,2,3,3,2,3,2,1,3,1,1,1,2,No problems,4/5/2020 14:53,a
719,Yossi46,2,1,3,2,3,2,2,2,2,3,1,2,2,2,1,2,2,2,2,3,2,2,3,1,No problems,4/5/2020 14:51,a
720,Yossi47,3,2,1,1,1,1,2,3,3,2,2,3,3,1,1,2,2,2,1,3,3,2,3,2,No problems,4/5/2020 14:49,a
721,Yossi48,3,3,3,3,3,3,2,2,3,3,2,2,3,2,3,3,4,2,4,4,3,3,2,3,No problems,4/5/2020 14:47,b
722,Yossi49,3,3,4,3,2,4,2,3,3,3,3,3,3,3,3,2,4,3,3,3,2,3,3,2,No problems,4/5/2020 14:45,b
723,Yossi50,3,4,2,4,3,4,2,4,3,3,3,3,2,3,2,3,3,3,2,3,3,2,3,3,No problems,4/5/2020 14:43,b
724,Yossi51,3,3,4,4,3,2,3,3,3,2,4,3,2,4,2,3,3,3,3,4,3,4,3,3,No problems,4/5/2020 14:41,b
725,Yossi52,2,2,3,2,3,4,2,2,4,4,3,4,4,3,4,2,4,4,2,2,3,2,4,3,No problems,4/5/2020 14:39,b
726,Yossi53,3,3,3,2,3,4,3,3,4,3,3,2,4,3,3,4,2,4,2,4,3,3,3,2,No problems,4/5/2020 14:37,b
727,Yossi54,2,3,3,2,2,2,3,3,2,4,4,4,3,4,4,4,3,3,2,2,4,3,3,3,No problems,4/5/2020 14:35,b
728,Yossi55,3,3,3,3,3,4,3,3,3,3,4,2,3,4,2,3,3,2,3,3,4,4,3,4,No problems,4/5/2020 14:33,b
729,Yossi56,4,3,2,3,4,3,4,3,3,4,2,4,3,4,2,3,4,3,3,2,4,3,4,2,No problems,4/5/2020 14:31,b
730,Yossi57,2,2,3,4,3,4,3,3,4,3,2,3,2,3,2,4,3,2,2,2,4,4,3,3,No problems,4/5/2020 14:29,b
731,Yossi58,3,3,3,4,3,4,3,4,2,2,3,4,3,3,4,3,3,4,2,2,4,3,4,4,No problems,4/5/2020 14:27,b
732,Yossi59,3,3,3,3,3,2,3,3,2,3,3,2,2,2,4,3,3,3,3,3,4,2,3,3,No problems,4/5/2020 14:25,b
733,Yossi60,2,3,2,3,2,4,2,2,4,4,3,3,4,4,3,2,2,3,3,3,3,2,2,2,No problems,4/5/2020 14:23,b
734,Yossi61,2,4,2,4,3,3,2,2,3,4,4,3,4,3,4,4,2,3,4,4,3,3,4,4,No problems,4/5/2020 14:21,b
735,Yossi62,3,2,3,3,3,3,3,4,3,2,2,2,3,2,2,3,3,2,2,3,3,4,3,2,No problems,4/5/2020 14:19,b
736,Yossi63,2,4,4,4,3,4,3,3,3,3,2,2,3,2,4,3,3,4,3,3,2,3,3,2,No problems,4/5/2020 14:17,b
737,Yossi64,4,3,2,2,2,2,2,2,4,4,4,3,4,3,2,4,3,3,2,4,3,3,2,4,No problems,4/5/2020 14:15,b
738,Yossi65,3,4,3,4,3,2,4,2,2,4,4,3,3,3,2,2,4,2,3,4,2,4,2,3,No problems,4/5/2020 14:13,b
739,Yossi66,2,2,3,2,3,3,3,3,4,3,3,3,3,3,4,3,3,4,4,2,2,2,3,3,No problems,4/5/2020 14:11,b
740,Yossi67,3,3,3,4,4,3,3,3,3,4,3,4,2,2,2,2,3,3,3,3,3,3,2,4,No problems,4/5/2020 14:09,b
741,Yossi68,2,2,2,4,4,3,3,3,4,3,3,4,2,3,3,2,4,4,3,3,2,4,3,3,No problems,4/5/2020 14:07,b
742,Yossi69,3,4,2,3,3,2,4,4,3,4,4,4,3,2,3,3,3,3,4,4,2,4,4,3,No problems,4/5/2020 14:05,b
743,Yossi70,3,4,2,3,3,2,3,3,2,2,2,3,2,3,3,3,3,3,3,2,3,3,4,2,No problems,4/5/2020 14:03,b
744,Yossi71,3,4,2,2,3,3,3,4,2,4,3,3,3,2,3,2,3,2,2,4,3,2,4,2,No problems,4/5/2020 14:01,b
745,Yossi72,2,3,3,3,2,3,2,4,3,3,2,4,3,2,4,2,3,3,3,3,3,4,3,4,No problems,4/5/2020 13:59,b
746,Yossi73,2,2,3,3,3,3,4,2,4,3,3,3,3,4,3,4,3,4,3,2,3,3,3,3,No problems,4/5/2020 13:57,b
747,Yossi74,3,3,4,3,2,4,4,2,4,2,2,3,3,3,2,3,3,4,4,2,3,2,3,4,No problems,4/5/2020 13:55,b
748,Yossi75,4,3,3,4,3,3,3,3,3,4,2,3,3,4,3,3,3,3,3,2,3,4,3,3,No problems,4/5/2020 13:53,b
749,Yossi76,2,2,3,4,3,4,4,2,3,3,2,3,3,4,4,2,2,4,2,4,3,3,2,2,No problems,4/5/2020 13:51,b
750,Yossi77,2,3,3,2,4,2,4,4,2,2,3,3,2,3,2,4,3,2,3,2,3,3,3,2,No problems,4/5/2020 13:49,b
751,Yossi78,3,3,4,3,3,3,2,3,3,3,3,4,4,3,3,4,4,4,4,4,2,3,3,2,No problems,4/5/2020 13:47,b
752,Yossi79,2,3,3,2,2,3,3,3,3,3,3,3,3,3,3,4,4,3,3,4,3,4,3,3,No problems,4/5/2020 13:45,b
753,Yossi80,2,3,4,3,4,4,3,4,3,2,3,2,2,3,2,4,3,3,3,3,3,2,3,4,No problems,4/5/2020 13:43,b
754,Yossi81,4,3,4,3,4,4,3,3,3,4,3,3,4,2,2,4,3,3,2,2,3,2,3,3,No problems,4/5/2020 13:41,b
755,Yossi82,2,3,2,3,4,2,4,3,3,3,2,4,2,3,4,3,2,2,3,2,3,3,4,2,No problems,4/5/2020 13:39,b
756,Yossi83,2,3,4,2,2,3,3,3,3,4,3,4,2,4,2,3,3,2,3,3,3,2,3,3,No problems,4/5/2020 13:37,b
757,Yossi84,3,3,3,3,4,3,3,4,2,3,3,3,3,3,2,3,3,2,3,3,4,4,2,4,No problems,4/5/2020 13:35,b
758,Yossi85,3,3,4,2,2,3,2,4,3,3,4,3,2,3,4,4,4,4,2,4,4,3,2,3,No problems,4/5/2020 13:33,b
759,Yossi86,4,4,3,4,2,4,3,3,3,2,4,3,3,3,3,3,3,3,4,2,2,3,3,3,No problems,4/5/2020 13:31,b
760,Yossi87,2,4,3,3,3,3,3,4,3,3,2,3,3,3,3,2,2,3,4,2,3,3,2,3,No problems,4/5/2020 13:29,b
761,Yossi88,4,4,4,3,3,4,3,2,4,2,4,3,3,3,3,3,4,3,4,4,3,2,2,3,No problems,4/5/2020 13:27,b
762,Yossi89,2,3,4,4,2,3,2,3,4,2,3,4,2,3,3,3,4,3,2,4,3,4,3,4,No problems,4/5/2020 13:25,b
763,Yossi90,5,4,4,4,3,5,4,3,4,3,3,3,4,5,2,4,3,2,2,3,5,5,5,4,No problems,4/5/2020 13:23,c
764,Yossi91,3,4,3,5,3,2,2,5,3,2,2,2,4,4,5,4,3,5,3,4,3,4,4,4,No problems,4/5/2020 13:21,c
765,Yossi92,5,4,4,3,2,3,2,2,5,3,3,5,2,3,3,5,3,3,4,4,2,3,3,4,No problems,4/5/2020 13:19,c
766,Yossi93,3,4,4,4,4,5,4,3,3,5,4,3,3,3,4,4,3,4,3,4,5,5,3,3,No problems,4/5/2020 13:17,c
767,Yossi94,4,5,2,4,5,2,3,5,4,3,3,4,4,4,4,2,5,4,3,4,2,4,4,3,No problems,4/5/2020 13:15,c
768,Yossi95,5,5,5,5,2,4,2,3,3,5,4,3,5,4,3,2,3,2,3,5,2,5,4,2,No problems,4/5/2020 13:13,c
769,Yossi96,3,5,3,3,4,4,3,2,4,5,4,5,2,4,4,4,4,2,3,5,2,4,3,5,No problems,4/5/2020 13:11,c
770,Yossi97,4,3,2,3,2,3,4,4,4,5,4,2,2,3,4,4,3,5,4,5,4,3,5,3,No problems,4/5/2020 13:09,c
771,Yossi98,2,4,4,4,5,4,3,4,3,4,3,3,4,2,3,4,4,2,2,3,4,4,3,3,No problems,4/5/2020 13:07,c
772,Yossi99,3,3,3,3,4,4,4,5,5,3,4,4,3,4,2,2,3,4,4,3,4,3,4,4,No problems,4/5/2020 13:05,c
773,Yossi100,3,5,3,4,2,3,5,4,3,5,2,5,3,3,3,5,5,3,2,4,5,3,3,3,No problems,4/5/2020 13:03,c
774,Yossi101,4,4,3,4,4,2,5,2,4,3,3,5,3,4,3,3,4,4,3,3,2,3,4,3,No problems,4/5/2020 13:01,c
775,Yossi102,5,3,3,5,4,4,5,3,5,4,2,4,3,3,4,3,4,3,2,4,3,5,4,4,No problems,4/5/2020 12:59,c
776,Yossi103,3,5,4,5,4,3,3,2,4,3,3,3,3,3,3,3,3,3,3,4,4,4,5,2,No problems,4/5/2020 12:57,c
777,Yossi104,3,3,3,5,2,4,5,3,4,4,3,3,3,4,2,4,4,2,2,2,2,4,4,4,No problems,4/5/2020 12:55,c
778,Yossi105,4,4,3,5,2,4,2,3,4,2,3,4,5,3,4,3,3,3,5,4,3,2,4,4,No problems,4/5/2020 12:53,c
779,Yossi106,4,3,4,2,5,4,2,4,3,2,5,3,4,5,4,3,3,4,3,4,2,2,4,2,No problems,4/5/2020 12:51,c
780,Yossi107,2,3,2,4,4,3,3,3,3,2,3,3,2,3,4,5,4,4,5,5,5,4,3,3,No problems,4/5/2020 12:49,c
781,Yossi108,3,5,4,3,3,3,2,4,4,2,4,3,2,4,4,4,5,2,4,4,5,2,2,4,No problems,4/5/2020 12:47,c
782,Yossi109,4,4,3,4,3,2,4,5,3,4,2,5,3,3,3,3,2,3,3,4,3,2,5,4,No problems,4/5/2020 12:45,c
783,Yossi110,4,5,4,5,4,3,3,4,4,5,5,4,4,2,5,3,4,3,2,2,3,3,5,4,No problems,4/5/2020 12:43,c
784,Yossi2,3,1,5,4,2,2,4,5,4,4,3,2,3,2,1,4,2,2,2,5,5,3,3,3,No problems,5/5/2020 11:42,b
785,Yossi3,1,3,2,3,2,2,2,5,5,2,4,5,4,2,3,3,4,3,3,4,2,3,2,2,No problems,4/5/2020 16:17,c
786,Yossi4,2,2,1,2,1,2,3,1,2,2,2,2,1,2,3,2,1,3,2,2,1,1,2,2,No problems,4/5/2020 16:15,a
787,Yossi5,2,3,3,2,2,2,2,2,2,1,2,2,2,3,1,3,3,1,1,1,1,2,2,2,No problems,4/5/2020 16:13,a
788,Yossi6,2,3,2,2,2,1,1,2,1,2,3,2,2,2,2,1,2,1,1,1,2,1,2,2,No problems,4/5/2020 16:11,a
789,Yossi7,1,2,2,3,2,3,3,2,1,2,3,1,1,1,3,2,2,2,2,2,3,2,2,2,No problems,4/5/2020 16:09,a
790,Yossi8,2,2,2,2,3,2,3,2,2,2,2,2,2,2,2,2,2,3,3,3,3,2,3,2,No problems,4/5/2020 16:07,a
791,Yossi9,2,2,3,2,3,2,1,2,1,1,2,3,2,1,2,2,3,3,2,2,2,2,1,3,No problems,4/5/2020 16:05,a
792,Yossi10,1,2,2,3,1,1,2,2,2,2,1,2,2,2,1,2,3,2,1,2,1,2,2,2,No problems,4/5/2020 16:03,a
793,Yossi11,3,2,1,2,3,1,3,2,3,3,2,1,2,2,3,2,2,1,2,2,1,2,2,1,No problems,4/5/2020 16:01,a
794,Yossi12,1,3,1,2,1,1,2,3,1,3,1,3,2,3,2,2,2,2,1,2,1,2,3,2,No problems,4/5/2020 15:59,a
795,Yossi13,3,2,3,1,3,1,2,1,2,3,2,3,2,2,1,3,2,1,2,2,2,2,3,2,No problems,4/5/2020 15:57,a
796,Yossi14,3,2,3,2,1,3,2,1,1,1,2,1,3,2,2,1,2,1,3,3,3,1,2,2,No problems,4/5/2020 15:55,a
797,Yossi15,3,2,3,2,3,3,2,3,2,2,3,3,1,1,2,1,1,2,3,2,2,1,3,2,No problems,4/5/2020 15:53,a
798,Yossi16,1,2,2,2,3,2,2,2,1,3,2,3,2,2,2,1,2,3,1,2,2,2,3,3,No problems,4/5/2020 15:51,a
799,Yossi17,1,1,2,1,2,2,3,2,3,2,1,3,2,1,2,2,1,1,1,3,1,3,2,1,No problems,4/5/2020 15:49,a
800,Yossi18,2,2,1,2,2,2,2,3,2,3,2,2,2,2,1,2,2,2,1,2,2,2,1,3,No problems,4/5/2020 15:47,a
801,Yossi19,2,1,3,1,1,1,2,1,2,3,2,3,3,2,2,1,1,3,2,2,2,3,2,3,No problems,4/5/2020 15:45,a
802,Yossi20,1,1,1,2,2,2,2,2,1,2,1,1,3,3,2,1,1,1,2,3,3,2,2,2,No problems,4/5/2020 15:43,a
803,Yossi21,2,2,3,2,1,3,2,2,3,2,2,2,2,2,2,2,2,2,3,1,3,2,2,3,No problems,4/5/2020 15:41,a
804,Yossi22,2,2,3,1,3,1,2,2,2,1,1,2,2,2,2,2,2,2,2,2,2,2,1,3,No problems,4/5/2020 15:39,a
805,Yossi23,2,2,2,3,1,1,1,2,2,1,2,3,2,2,2,1,1,2,1,3,3,1,2,2,No problems,4/5/2020 15:37,a
806,Yossi24,1,1,1,2,3,1,2,2,2,3,3,1,3,2,1,2,1,3,2,2,3,2,2,2,No problems,4/5/2020 15:35,a
807,Yossi25,2,1,2,3,2,2,1,2,2,3,2,3,2,1,3,1,1,2,1,2,2,2,2,3,No problems,4/5/2020 15:33,a
808,Yossi26,2,3,2,1,2,2,2,1,3,1,2,1,2,2,3,1,2,3,1,2,3,2,3,2,No problems,4/5/2020 15:31,a
809,Yossi27,2,2,2,2,3,3,2,1,2,3,2,1,2,2,1,1,1,3,2,1,2,3,1,1,No problems,4/5/2020 15:29,a
810,Yossi28,2,3,1,1,3,1,2,1,2,3,2,2,2,2,2,2,1,2,2,2,3,2,1,2,No problems,4/5/2020 15:27,a
811,Yossi29,2,2,3,2,1,2,1,2,1,3,2,1,2,2,2,2,2,1,2,2,3,1,1,2,No problems,4/5/2020 15:25,a
812,Yossi30,3,2,1,1,3,3,2,3,3,2,3,3,1,3,3,3,2,2,2,2,3,3,1,3,No problems,4/5/2020 15:23,a
813,Yossi31,2,2,1,3,1,1,2,2,2,2,3,1,2,1,1,2,1,1,1,1,2,2,2,1,No problems,4/5/2020 15:21,a
814,Yossi32,3,1,2,2,1,3,1,2,2,2,2,2,2,1,3,2,1,3,2,3,1,3,1,1,No problems,4/5/2020 15:19,a
815,Yossi33,2,3,2,3,2,2,2,1,2,2,2,2,2,2,3,2,2,3,2,3,1,2,2,2,No problems,4/5/2020 15:17,a
816,Yossi34,3,3,2,2,1,1,2,1,2,2,2,2,2,1,1,1,3,2,2,3,3,2,3,2,No problems,4/5/2020 15:15,a
817,Yossi35,1,1,2,2,2,2,1,2,3,1,2,3,2,1,2,2,2,1,2,3,1,2,1,2,No problems,4/5/2020 15:13,a
818,Yossi36,3,2,2,2,3,2,2,3,1,2,1,2,2,3,2,3,2,2,3,3,1,2,1,1,No problems,4/5/2020 15:11,a
819,Yossi37,2,2,2,2,3,3,2,2,2,1,1,2,1,2,1,2,3,2,1,3,1,1,2,2,No problems,4/5/2020 15:09,a
820,Yossi38,2,3,3,2,2,3,1,2,2,1,3,2,1,2,1,2,1,2,2,3,3,2,1,2,No problems,4/5/2020 15:07,a
821,Yossi39,2,3,1,2,2,1,2,2,2,3,2,3,3,3,1,3,2,1,3,3,2,3,3,1,No problems,4/5/2020 15:05,a
822,Yossi40,3,2,2,3,3,1,1,2,2,3,2,3,2,1,1,1,1,2,1,1,2,2,2,1,No problems,4/5/2020 15:03,a
823,Yossi41,1,2,2,1,2,3,1,2,2,2,3,3,1,1,2,3,1,1,2,3,1,2,2,1,No problems,4/5/2020 15:01,a
824,Yossi42,1,1,2,2,2,2,3,3,2,1,2,2,2,3,2,1,1,2,3,3,2,2,2,2,No problems,4/5/2020 14:59,a
825,Yossi43,2,2,2,2,3,3,2,2,3,1,2,2,2,3,2,2,3,2,2,1,3,2,3,2,No problems,4/5/2020 14:57,a
826,Yossi44,2,3,3,2,2,1,1,3,2,2,2,2,2,2,3,2,3,2,3,2,2,2,2,3,No problems,4/5/2020 14:55,a
827,Yossi45,3,2,2,3,3,2,2,2,2,1,2,2,2,3,3,2,3,2,1,3,1,1,1,2,No problems,4/5/2020 14:53,a
828,Yossi46,2,1,3,2,3,2,2,2,2,3,1,2,2,2,1,2,2,2,2,3,2,2,3,1,No problems,4/5/2020 14:51,a
829,Yossi47,3,2,1,1,1,1,2,3,3,2,2,3,3,1,1,2,2,2,1,3,3,2,3,2,No problems,4/5/2020 14:49,a
830,Yossi48,3,3,3,3,3,3,2,2,3,3,2,2,3,2,3,3,4,2,4,4,3,3,2,3,No problems,4/5/2020 14:47,b
831,Yossi49,3,3,4,3,2,4,2,3,3,3,3,3,3,3,3,2,4,3,3,3,2,3,3,2,No problems,4/5/2020 14:45,b
832,Yossi50,3,4,2,4,3,4,2,4,3,3,3,3,2,3,2,3,3,3,2,3,3,2,3,3,No problems,4/5/2020 14:43,b
833,Yossi51,3,3,4,4,3,2,3,3,3,2,4,3,2,4,2,3,3,3,3,4,3,4,3,3,No problems,4/5/2020 14:41,b
834,Yossi52,2,2,3,2,3,4,2,2,4,4,3,4,4,3,4,2,4,4,2,2,3,2,4,3,No problems,4/5/2020 14:39,b
835,Yossi53,3,3,3,2,3,4,3,3,4,3,3,2,4,3,3,4,2,4,2,4,3,3,3,2,No problems,4/5/2020 14:37,b
836,Yossi54,2,3,3,2,2,2,3,3,2,4,4,4,3,4,4,4,3,3,2,2,4,3,3,3,No problems,4/5/2020 14:35,b
837,Yossi55,3,3,3,3,3,4,3,3,3,3,4,2,3,4,2,3,3,2,3,3,4,4,3,4,No problems,4/5/2020 14:33,b
838,Yossi56,4,3,2,3,4,3,4,3,3,4,2,4,3,4,2,3,4,3,3,2,4,3,4,2,No problems,4/5/2020 14:31,b
839,Yossi57,2,2,3,4,3,4,3,3,4,3,2,3,2,3,2,4,3,2,2,2,4,4,3,3,No problems,4/5/2020 14:29,b
840,Yossi58,3,3,3,4,3,4,3,4,2,2,3,4,3,3,4,3,3,4,2,2,4,3,4,4,No problems,4/5/2020 14:27,b
841,Yossi59,3,3,3,3,3,2,3,3,2,3,3,2,2,2,4,3,3,3,3,3,4,2,3,3,No problems,4/5/2020 14:25,b
842,Yossi60,2,3,2,3,2,4,2,2,4,4,3,3,4,4,3,2,2,3,3,3,3,2,2,2,No problems,4/5/2020 14:23,b
843,Yossi61,2,4,2,4,3,3,2,2,3,4,4,3,4,3,4,4,2,3,4,4,3,3,4,4,No problems,4/5/2020 14:21,b
844,Yossi62,3,2,3,3,3,3,3,4,3,2,2,2,3,2,2,3,3,2,2,3,3,4,3,2,No problems,4/5/2020 14:19,b
845,Yossi63,2,4,4,4,3,4,3,3,3,3,2,2,3,2,4,3,3,4,3,3,2,3,3,2,No problems,4/5/2020 14:17,b
846,Yossi64,4,3,2,2,2,2,2,2,4,4,4,3,4,3,2,4,3,3,2,4,3,3,2,4,No problems,4/5/2020 14:15,b
847,Yossi65,3,4,3,4,3,2,4,2,2,4,4,3,3,3,2,2,4,2,3,4,2,4,2,3,No problems,4/5/2020 14:13,b
848,Yossi66,2,2,3,2,3,3,3,3,4,3,3,3,3,3,4,3,3,4,4,2,2,2,3,3,No problems,4/5/2020 14:11,b
849,Yossi67,3,3,3,4,4,3,3,3,3,4,3,4,2,2,2,2,3,3,3,3,3,3,2,4,No problems,4/5/2020 14:09,b
850,Yossi68,2,2,2,4,4,3,3,3,4,3,3,4,2,3,3,2,4,4,3,3,2,4,3,3,No problems,4/5/2020 14:07,b
851,Yossi69,3,4,2,3,3,2,4,4,3,4,4,4,3,2,3,3,3,3,4,4,2,4,4,3,No problems,4/5/2020 14:05,b
852,Yossi70,3,4,2,3,3,2,3,3,2,2,2,3,2,3,3,3,3,3,3,2,3,3,4,2,No problems,4/5/2020 14:03,b
853,Yossi71,3,4,2,2,3,3,3,4,2,4,3,3,3,2,3,2,3,2,2,4,3,2,4,2,No problems,4/5/2020 14:01,b
854,Yossi72,2,3,3,3,2,3,2,4,3,3,2,4,3,2,4,2,3,3,3,3,3,4,3,4,No problems,4/5/2020 13:59,b
855,Yossi73,2,2,3,3,3,3,4,2,4,3,3,3,3,4,3,4,3,4,3,2,3,3,3,3,No problems,4/5/2020 13:57,b
856,Yossi74,3,3,4,3,2,4,4,2,4,2,2,3,3,3,2,3,3,4,4,2,3,2,3,4,No problems,4/5/2020 13:55,b
857,Yossi75,4,3,3,4,3,3,3,3,3,4,2,3,3,4,3,3,3,3,3,2,3,4,3,3,No problems,4/5/2020 13:53,b
858,Yossi76,2,2,3,4,3,4,4,2,3,3,2,3,3,4,4,2,2,4,2,4,3,3,2,2,No problems,4/5/2020 13:51,b
859,Yossi77,2,3,3,2,4,2,4,4,2,2,3,3,2,3,2,4,3,2,3,2,3,3,3,2,No problems,4/5/2020 13:49,b
860,Yossi78,3,3,4,3,3,3,2,3,3,3,3,4,4,3,3,4,4,4,4,4,2,3,3,2,No problems,4/5/2020 13:47,b
861,Yossi79,2,3,3,2,2,3,3,3,3,3,3,3,3,3,3,4,4,3,3,4,3,4,3,3,No problems,4/5/2020 13:45,b
862,Yossi80,2,3,4,3,4,4,3,4,3,2,3,2,2,3,2,4,3,3,3,3,3,2,3,4,No problems,4/5/2020 13:43,b
863,Yossi81,4,3,4,3,4,4,3,3,3,4,3,3,4,2,2,4,3,3,2,2,3,2,3,3,No problems,4/5/2020 13:41,b
864,Yossi82,2,3,2,3,4,2,4,3,3,3,2,4,2,3,4,3,2,2,3,2,3,3,4,2,No problems,4/5/2020 13:39,b
865,Yossi83,2,3,4,2,2,3,3,3,3,4,3,4,2,4,2,3,3,2,3,3,3,2,3,3,No problems,4/5/2020 13:37,b
866,Yossi84,3,3,3,3,4,3,3,4,2,3,3,3,3,3,2,3,3,2,3,3,4,4,2,4,No problems,4/5/2020 13:35,b
867,Yossi85,3,3,4,2,2,3,2,4,3,3,4,3,2,3,4,4,4,4,2,4,4,3,2,3,No problems,4/5/2020 13:33,b
868,Yossi86,4,4,3,4,2,4,3,3,3,2,4,3,3,3,3,3,3,3,4,2,2,3,3,3,No problems,4/5/2020 13:31,b
869,Yossi87,2,4,3,3,3,3,3,4,3,3,2,3,3,3,3,2,2,3,4,2,3,3,2,3,No problems,4/5/2020 13:29,b
870,Yossi88,4,4,4,3,3,4,3,2,4,2,4,3,3,3,3,3,4,3,4,4,3,2,2,3,No problems,4/5/2020 13:27,b
871,Yossi89,2,3,4,4,2,3,2,3,4,2,3,4,2,3,3,3,4,3,2,4,3,4,3,4,No problems,4/5/2020 13:25,b
872,Yossi90,5,4,4,4,3,5,4,3,4,3,3,3,4,5,2,4,3,2,2,3,5,5,5,4,No problems,4/5/2020 13:23,c
873,Yossi91,3,4,3,5,3,2,2,5,3,2,2,2,4,4,5,4,3,5,3,4,3,4,4,4,No problems,4/5/2020 13:21,c
874,Yossi92,5,4,4,3,2,3,2,2,5,3,3,5,2,3,3,5,3,3,4,4,2,3,3,4,No problems,4/5/2020 13:19,c
875,Yossi93,3,4,4,4,4,5,4,3,3,5,4,3,3,3,4,4,3,4,3,4,5,5,3,3,No problems,4/5/2020 13:17,c
876,Yossi94,4,5,2,4,5,2,3,5,4,3,3,4,4,4,4,2,5,4,3,4,2,4,4,3,No problems,4/5/2020 13:15,c
877,Yossi95,5,5,5,5,2,4,2,3,3,5,4,3,5,4,3,2,3,2,3,5,2,5,4,2,No problems,4/5/2020 13:13,c
878,Yossi96,3,5,3,3,4,4,3,2,4,5,4,5,2,4,4,4,4,2,3,5,2,4,3,5,No problems,4/5/2020 13:11,c
879,Yossi97,4,3,2,3,2,3,4,4,4,5,4,2,2,3,4,4,3,5,4,5,4,3,5,3,No problems,4/5/2020 13:09,c
880,Yossi98,2,4,4,4,5,4,3,4,3,4,3,3,4,2,3,4,4,2,2,3,4,4,3,3,No problems,4/5/2020 13:07,c
881,Yossi99,3,3,3,3,4,4,4,5,5,3,4,4,3,4,2,2,3,4,4,3,4,3,4,4,No problems,4/5/2020 13:05,c
882,Yossi100,3,5,3,4,2,3,5,4,3,5,2,5,3,3,3,5,5,3,2,4,5,3,3,3,No problems,4/5/2020 13:03,c
883,Yossi101,4,4,3,4,4,2,5,2,4,3,3,5,3,4,3,3,4,4,3,3,2,3,4,3,No problems,4/5/2020 13:01,c
884,Yossi102,5,3,3,5,4,4,5,3,5,4,2,4,3,3,4,3,4,3,2,4,3,5,4,4,No problems,4/5/2020 12:59,c
885,Yossi103,3,5,4,5,4,3,3,2,4,3,3,3,3,3,3,3,3,3,3,4,4,4,5,2,No problems,4/5/2020 12:57,c
886,Yossi104,3,3,3,5,2,4,5,3,4,4,3,3,3,4,2,4,4,2,2,2,2,4,4,4,No problems,4/5/2020 12:55,c
887,Yossi105,4,4,3,5,2,4,2,3,4,2,3,4,5,3,4,3,3,3,5,4,3,2,4,4,No problems,4/5/2020 12:53,c
888,Yossi106,4,3,4,2,5,4,2,4,3,2,5,3,4,5,4,3,3,4,3,4,2,2,4,2,No problems,4/5/2020 12:51,c
889,Yossi107,2,3,2,4,4,3,3,3,3,2,3,3,2,3,4,5,4,4,5,5,5,4,3,3,No problems,4/5/2020 12:49,c
890,Yossi108,3,5,4,3,3,3,2,4,4,2,4,3,2,4,4,4,5,2,4,4,5,2,2,4,No problems,4/5/2020 12:47,c
891,Yossi109,4,4,3,4,3,2,4,5,3,4,2,5,3,3,3,3,2,3,3,4,3,2,5,4,No problems,4/5/2020 12:45,c
892,Yossi110,4,5,4,5,4,3,3,4,4,5,5,4,4,2,5,3,4,3,2,2,3,3,5,4,No problems,4/5/2020 12:43,c
893,Yossi2,3,1,5,4,2,2,4,5,4,4,3,2,3,2,1,4,2,2,2,5,5,3,3,3,No problems,5/5/2020 11:42,b
894,Yossi3,1,3,2,3,2,2,2,5,5,2,4,5,4,2,3,3,4,3,3,4,2,3,2,2,No problems,4/5/2020 16:17,c
895,Yossi4,2,2,1,2,1,2,3,1,2,2,2,2,1,2,3,2,1,3,2,2,1,1,2,2,No problems,4/5/2020 16:15,a
896,Yossi5,2,3,3,2,2,2,2,2,2,1,2,2,2,3,1,3,3,1,1,1,1,2,2,2,No problems,4/5/2020 16:13,a
897,Yossi6,2,3,2,2,2,1,1,2,1,2,3,2,2,2,2,1,2,1,1,1,2,1,2,2,No problems,4/5/2020 16:11,a
898,Yossi7,1,2,2,3,2,3,3,2,1,2,3,1,1,1,3,2,2,2,2,2,3,2,2,2,No problems,4/5/2020 16:09,a
899,Yossi8,2,2,2,2,3,2,3,2,2,2,2,2,2,2,2,2,2,3,3,3,3,2,3,2,No problems,4/5/2020 16:07,a
900,Yossi9,2,2,3,2,3,2,1,2,1,1,2,3,2,1,2,2,3,3,2,2,2,2,1,3,No problems,4/5/2020 16:05,a
901,Yossi10,1,2,2,3,1,1,2,2,2,2,1,2,2,2,1,2,3,2,1,2,1,2,2,2,No problems,4/5/2020 16:03,a
902,Yossi11,3,2,1,2,3,1,3,2,3,3,2,1,2,2,3,2,2,1,2,2,1,2,2,1,No problems,4/5/2020 16:01,a
903,Yossi12,1,3,1,2,1,1,2,3,1,3,1,3,2,3,2,2,2,2,1,2,1,2,3,2,No problems,4/5/2020 15:59,a
904,Yossi13,3,2,3,1,3,1,2,1,2,3,2,3,2,2,1,3,2,1,2,2,2,2,3,2,No problems,4/5/2020 15:57,a
905,Yossi14,3,2,3,2,1,3,2,1,1,1,2,1,3,2,2,1,2,1,3,3,3,1,2,2,No problems,4/5/2020 15:55,a
906,Yossi15,3,2,3,2,3,3,2,3,2,2,3,3,1,1,2,1,1,2,3,2,2,1,3,2,No problems,4/5/2020 15:53,a
907,Yossi16,1,2,2,2,3,2,2,2,1,3,2,3,2,2,2,1,2,3,1,2,2,2,3,3,No problems,4/5/2020 15:51,a
908,Yossi17,1,1,2,1,2,2,3,2,3,2,1,3,2,1,2,2,1,1,1,3,1,3,2,1,No problems,4/5/2020 15:49,a
909,Yossi18,2,2,1,2,2,2,2,3,2,3,2,2,2,2,1,2,2,2,1,2,2,2,1,3,No problems,4/5/2020 15:47,a
910,Yossi19,2,1,3,1,1,1,2,1,2,3,2,3,3,2,2,1,1,3,2,2,2,3,2,3,No problems,4/5/2020 15:45,a
911,Yossi20,1,1,1,2,2,2,2,2,1,2,1,1,3,3,2,1,1,1,2,3,3,2,2,2,No problems,4/5/2020 15:43,a
912,Yossi21,2,2,3,2,1,3,2,2,3,2,2,2,2,2,2,2,2,2,3,1,3,2,2,3,No problems,4/5/2020 15:41,a
913,Yossi22,2,2,3,1,3,1,2,2,2,1,1,2,2,2,2,2,2,2,2,2,2,2,1,3,No problems,4/5/2020 15:39,a
914,Yossi23,2,2,2,3,1,1,1,2,2,1,2,3,2,2,2,1,1,2,1,3,3,1,2,2,No problems,4/5/2020 15:37,a
915,Yossi24,1,1,1,2,3,1,2,2,2,3,3,1,3,2,1,2,1,3,2,2,3,2,2,2,No problems,4/5/2020 15:35,a
916,Yossi25,2,1,2,3,2,2,1,2,2,3,2,3,2,1,3,1,1,2,1,2,2,2,2,3,No problems,4/5/2020 15:33,a
917,Yossi26,2,3,2,1,2,2,2,1,3,1,2,1,2,2,3,1,2,3,1,2,3,2,3,2,No problems,4/5/2020 15:31,a
918,Yossi27,2,2,2,2,3,3,2,1,2,3,2,1,2,2,1,1,1,3,2,1,2,3,1,1,No problems,4/5/2020 15:29,a
919,Yossi28,2,3,1,1,3,1,2,1,2,3,2,2,2,2,2,2,1,2,2,2,3,2,1,2,No problems,4/5/2020 15:27,a
920,Yossi29,2,2,3,2,1,2,1,2,1,3,2,1,2,2,2,2,2,1,2,2,3,1,1,2,No problems,4/5/2020 15:25,a
921,Yossi30,3,2,1,1,3,3,2,3,3,2,3,3,1,3,3,3,2,2,2,2,3,3,1,3,No problems,4/5/2020 15:23,a
922,Yossi31,2,2,1,3,1,1,2,2,2,2,3,1,2,1,1,2,1,1,1,1,2,2,2,1,No problems,4/5/2020 15:21,a
923,Yossi32,3,1,2,2,1,3,1,2,2,2,2,2,2,1,3,2,1,3,2,3,1,3,1,1,No problems,4/5/2020 15:19,a
924,Yossi33,2,3,2,3,2,2,2,1,2,2,2,2,2,2,3,2,2,3,2,3,1,2,2,2,No problems,4/5/2020 15:17,a
925,Yossi34,3,3,2,2,1,1,2,1,2,2,2,2,2,1,1,1,3,2,2,3,3,2,3,2,No problems,4/5/2020 15:15,a
926,Yossi35,1,1,2,2,2,2,1,2,3,1,2,3,2,1,2,2,2,1,2,3,1,2,1,2,No problems,4/5/2020 15:13,a
927,Yossi36,3,2,2,2,3,2,2,3,1,2,1,2,2,3,2,3,2,2,3,3,1,2,1,1,No problems,4/5/2020 15:11,a
928,Yossi37,2,2,2,2,3,3,2,2,2,1,1,2,1,2,1,2,3,2,1,3,1,1,2,2,No problems,4/5/2020 15:09,a
929,Yossi38,2,3,3,2,2,3,1,2,2,1,3,2,1,2,1,2,1,2,2,3,3,2,1,2,No problems,4/5/2020 15:07,a
930,Yossi39,2,3,1,2,2,1,2,2,2,3,2,3,3,3,1,3,2,1,3,3,2,3,3,1,No problems,4/5/2020 15:05,a
931,Yossi40,3,2,2,3,3,1,1,2,2,3,2,3,2,1,1,1,1,2,1,1,2,2,2,1,No problems,4/5/2020 15:03,a
932,Yossi41,1,2,2,1,2,3,1,2,2,2,3,3,1,1,2,3,1,1,2,3,1,2,2,1,No problems,4/5/2020 15:01,a
933,Yossi42,1,1,2,2,2,2,3,3,2,1,2,2,2,3,2,1,1,2,3,3,2,2,2,2,No problems,4/5/2020 14:59,a
934,Yossi43,2,2,2,2,3,3,2,2,3,1,2,2,2,3,2,2,3,2,2,1,3,2,3,2,No problems,4/5/2020 14:57,a
935,Yossi44,2,3,3,2,2,1,1,3,2,2,2,2,2,2,3,2,3,2,3,2,2,2,2,3,No problems,4/5/2020 14:55,a
936,Yossi45,3,2,2,3,3,2,2,2,2,1,2,2,2,3,3,2,3,2,1,3,1,1,1,2,No problems,4/5/2020 14:53,a
937,Yossi46,2,1,3,2,3,2,2,2,2,3,1,2,2,2,1,2,2,2,2,3,2,2,3,1,No problems,4/5/2020 14:51,a
938,Yossi47,3,2,1,1,1,1,2,3,3,2,2,3,3,1,1,2,2,2,1,3,3,2,3,2,No problems,4/5/2020 14:49,a
939,Yossi48,3,3,3,3,3,3,2,2,3,3,2,2,3,2,3,3,4,2,4,4,3,3,2,3,No problems,4/5/2020 14:47,b
940,Yossi49,3,3,4,3,2,4,2,3,3,3,3,3,3,3,3,2,4,3,3,3,2,3,3,2,No problems,4/5/2020 14:45,b
941,Yossi50,3,4,2,4,3,4,2,4,3,3,3,3,2,3,2,3,3,3,2,3,3,2,3,3,No problems,4/5/2020 14:43,b
942,Yossi51,3,3,4,4,3,2,3,3,3,2,4,3,2,4,2,3,3,3,3,4,3,4,3,3,No problems,4/5/2020 14:41,b
943,Yossi52,2,2,3,2,3,4,2,2,4,4,3,4,4,3,4,2,4,4,2,2,3,2,4,3,No problems,4/5/2020 14:39,b
944,Yossi53,3,3,3,2,3,4,3,3,4,3,3,2,4,3,3,4,2,4,2,4,3,3,3,2,No problems,4/5/2020 14:37,b
945,Yossi54,2,3,3,2,2,2,3,3,2,4,4,4,3,4,4,4,3,3,2,2,4,3,3,3,No problems,4/5/2020 14:35,b
946,Yossi55,3,3,3,3,3,4,3,3,3,3,4,2,3,4,2,3,3,2,3,3,4,4,3,4,No problems,4/5/2020 14:33,b
947,Yossi56,4,3,2,3,4,3,4,3,3,4,2,4,3,4,2,3,4,3,3,2,4,3,4,2,No problems,4/5/2020 14:31,b
948,Yossi57,2,2,3,4,3,4,3,3,4,3,2,3,2,3,2,4,3,2,2,2,4,4,3,3,No problems,4/5/2020 14:29,b
949,Yossi58,3,3,3,4,3,4,3,4,2,2,3,4,3,3,4,3,3,4,2,2,4,3,4,4,No problems,4/5/2020 14:27,b
950,Yossi59,3,3,3,3,3,2,3,3,2,3,3,2,2,2,4,3,3,3,3,3,4,2,3,3,No problems,4/5/2020 14:25,b
951,Yossi60,2,3,2,3,2,4,2,2,4,4,3,3,4,4,3,2,2,3,3,3,3,2,2,2,No problems,4/5/2020 14:23,b
952,Yossi61,2,4,2,4,3,3,2,2,3,4,4,3,4,3,4,4,2,3,4,4,3,3,4,4,No problems,4/5/2020 14:21,b
953,Yossi62,3,2,3,3,3,3,3,4,3,2,2,2,3,2,2,3,3,2,2,3,3,4,3,2,No problems,4/5/2020 14:19,b
954,Yossi63,2,4,4,4,3,4,3,3,3,3,2,2,3,2,4,3,3,4,3,3,2,3,3,2,No problems,4/5/2020 14:17,b
955,Yossi64,4,3,2,2,2,2,2,2,4,4,4,3,4,3,2,4,3,3,2,4,3,3,2,4,No problems,4/5/2020 14:15,b
956,Yossi65,3,4,3,4,3,2,4,2,2,4,4,3,3,3,2,2,4,2,3,4,2,4,2,3,No problems,4/5/2020 14:13,b
957,Yossi66,2,2,3,2,3,3,3,3,4,3,3,3,3,3,4,3,3,4,4,2,2,2,3,3,No problems,4/5/2020 14:11,b
958,Yossi67,3,3,3,4,4,3,3,3,3,4,3,4,2,2,2,2,3,3,3,3,3,3,2,4,No problems,4/5/2020 14:09,b
959,Yossi68,2,2,2,4,4,3,3,3,4,3,3,4,2,3,3,2,4,4,3,3,2,4,3,3,No problems,4/5/2020 14:07,b
960,Yossi69,3,4,2,3,3,2,4,4,3,4,4,4,3,2,3,3,3,3,4,4,2,4,4,3,No problems,4/5/2020 14:05,b
961,Yossi70,3,4,2,3,3,2,3,3,2,2,2,3,2,3,3,3,3,3,3,2,3,3,4,2,No problems,4/5/2020 14:03,b
962,Yossi71,3,4,2,2,3,3,3,4,2,4,3,3,3,2,3,2,3,2,2,4,3,2,4,2,No problems,4/5/2020 14:01,b
963,Yossi72,2,3,3,3,2,3,2,4,3,3,2,4,3,2,4,2,3,3,3,3,3,4,3,4,No problems,4/5/2020 13:59,b
964,Yossi73,2,2,3,3,3,3,4,2,4,3,3,3,3,4,3,4,3,4,3,2,3,3,3,3,No problems,4/5/2020 13:57,b
965,Yossi74,3,3,4,3,2,4,4,2,4,2,2,3,3,3,2,3,3,4,4,2,3,2,3,4,No problems,4/5/2020 13:55,b
966,Yossi75,4,3,3,4,3,3,3,3,3,4,2,3,3,4,3,3,3,3,3,2,3,4,3,3,No problems,4/5/2020 13:53,b
967,Yossi76,2,2,3,4,3,4,4,2,3,3,2,3,3,4,4,2,2,4,2,4,3,3,2,2,No problems,4/5/2020 13:51,b
968,Yossi77,2,3,3,2,4,2,4,4,2,2,3,3,2,3,2,4,3,2,3,2,3,3,3,2,No problems,4/5/2020 13:49,b
969,Yossi78,3,3,4,3,3,3,2,3,3,3,3,4,4,3,3,4,4,4,4,4,2,3,3,2,No problems,4/5/2020 13:47,b
970,Yossi79,2,3,3,2,2,3,3,3,3,3,3,3,3,3,3,4,4,3,3,4,3,4,3,3,No problems,4/5/2020 13:45,b
971,Yossi80,2,3,4,3,4,4,3,4,3,2,3,2,2,3,2,4,3,3,3,3,3,2,3,4,No problems,4/5/2020 13:43,b
972,Yossi81,4,3,4,3,4,4,3,3,3,4,3,3,4,2,2,4,3,3,2,2,3,2,3,3,No problems,4/5/2020 13:41,b
973,Yossi82,2,3,2,3,4,2,4,3,3,3,2,4,2,3,4,3,2,2,3,2,3,3,4,2,No problems,4/5/2020 13:39,b
974,Yossi83,2,3,4,2,2,3,3,3,3,4,3,4,2,4,2,3,3,2,3,3,3,2,3,3,No problems,4/5/2020 13:37,b
975,Yossi84,3,3,3,3,4,3,3,4,2,3,3,3,3,3,2,3,3,2,3,3,4,4,2,4,No problems,4/5/2020 13:35,b
976,Yossi85,3,3,4,2,2,3,2,4,3,3,4,3,2,3,4,4,4,4,2,4,4,3,2,3,No problems,4/5/2020 13:33,b
977,Yossi86,4,4,3,4,2,4,3,3,3,2,4,3,3,3,3,3,3,3,4,2,2,3,3,3,No problems,4/5/2020 13:31,b
978,Yossi87,2,4,3,3,3,3,3,4,3,3,2,3,3,3,3,2,2,3,4,2,3,3,2,3,No problems,4/5/2020 13:29,b
979,Yossi88,4,4,4,3,3,4,3,2,4,2,4,3,3,3,3,3,4,3,4,4,3,2,2,3,No problems,4/5/2020 13:27,b
980,Yossi89,2,3,4,4,2,3,2,3,4,2,3,4,2,3,3,3,4,3,2,4,3,4,3,4,No problems,4/5/2020 13:25,b
981,Yossi90,5,4,4,4,3,5,4,3,4,3,3,3,4,5,2,4,3,2,2,3,5,5,5,4,No problems,4/5/2020 13:23,c
982,Yossi91,3,4,3,5,3,2,2,5,3,2,2,2,4,4,5,4,3,5,3,4,3,4,4,4,No problems,4/5/2020 13:21,c
983,Yossi92,5,4,4,3,2,3,2,2,5,3,3,5,2,3,3,5,3,3,4,4,2,3,3,4,No problems,4/5/2020 13:19,c
984,Yossi93,3,4,4,4,4,5,4,3,3,5,4,3,3,3,4,4,3,4,3,4,5,5,3,3,No problems,4/5/2020 13:17,c
985,Yossi94,4,5,2,4,5,2,3,5,4,3,3,4,4,4,4,2,5,4,3,4,2,4,4,3,No problems,4/5/2020 13:15,c
986,Yossi95,5,5,5,5,2,4,2,3,3,5,4,3,5,4,3,2,3,2,3,5,2,5,4,2,No problems,4/5/2020 13:13,c
987,Yossi96,3,5,3,3,4,4,3,2,4,5,4,5,2,4,4,4,4,2,3,5,2,4,3,5,No problems,4/5/2020 13:11,c
988,Yossi97,4,3,2,3,2,3,4,4,4,5,4,2,2,3,4,4,3,5,4,5,4,3,5,3,No problems,4/5/2020 13:09,c
989,Yossi98,2,4,4,4,5,4,3,4,3,4,3,3,4,2,3,4,4,2,2,3,4,4,3,3,No problems,4/5/2020 13:07,c
990,Yossi99,3,3,3,3,4,4,4,5,5,3,4,4,3,4,2,2,3,4,4,3,4,3,4,4,No problems,4/5/2020 13:05,c
991,Yossi100,3,5,3,4,2,3,5,4,3,5,2,5,3,3,3,5,5,3,2,4,5,3,3,3,No problems,4/5/2020 13:03,c
992,Yossi101,4,4,3,4,4,2,5,2,4,3,3,5,3,4,3,3,4,4,3,3,2,3,4,3,No problems,4/5/2020 13:01,c
993,Yossi102,5,3,3,5,4,4,5,3,5,4,2,4,3,3,4,3,4,3,2,4,3,5,4,4,No problems,4/5/2020 12:59,c
994,Yossi103,3,5,4,5,4,3,3,2,4,3,3,3,3,3,3,3,3,3,3,4,4,4,5,2,No problems,4/5/2020 12:57,c
995,Yossi104,3,3,3,5,2,4,5,3,4,4,3,3,3,4,2,4,4,2,2,2,2,4,4,4,No problems,4/5/2020 12:55,c
996,Yossi105,4,4,3,5,2,4,2,3,4,2,3,4,5,3,4,3,3,3,5,4,3,2,4,4,No problems,4/5/2020 12:53,c
997,Yossi106,4,3,4,2,5,4,2,4,3,2,5,3,4,5,4,3,3,4,3,4,2,2,4,2,No problems,4/5/2020 12:51,c
998,Yossi107,2,3,2,4,4,3,3,3,3,2,3,3,2,3,4,5,4,4,5,5,5,4,3,3,No problems,4/5/2020 12:49,c
999,Yossi108,3,5,4,3,3,3,2,4,4,2,4,3,2,4,4,4,5,2,4,4,5,2,2,4,No problems,4/5/2020 12:47,c
1000,Yossi109,4,4,3,4,3,2,4,5,3,4,2,5,3,3,3,3,2,3,3,4,3,2,5,4,No problems,4/5/2020 12:45,c
1001,Yossi110,4,5,4,5,4,3,3,4,4,5,5,4,4,2,5,3,4,3,2,2,3,3,5,4,No problems,4/5/2020 12:43,c
