Dog Number,Dog Name,Inappropriate behavior at home in the presence of people,Inappropriate behavior when left alone,Improper behavior in classes / work,Fear of dogs behind fences,Fear of vehicular traffic while walking down the street,Anxiety about driving inside a car,Fear of dogs without a leash on the street,Fear of stairs,Fear of escalators,Fear of heights,What is the discipline of the dog?,"Responding to the ""To me"" command",Suspicious behavior towards strangers,Making needs while walking,Behavior that is inappropriate with people,Behavior that is inappropriate with dogs,Possessive aggression toward dogs,A desire to chase cats,Noise sensitivity,Sensitivity to walking surfaces,Sensitivity to Dressing Dog-Vest,Difficulty in physical examination,Does the dog exhibit multiple snoring,Having walking troubles,Free text,Entry Date
1,Yossi1,2,3,3,4,3,4,2,5,3,2,5,2,2,2,2,3,4,2,3,5,2,4,2,1,No problems,5/5/2020 11:46
2,Yossi2,3,1,5,4,2,2,4,5,4,4,3,2,3,2,1,4,2,2,2,5,5,3,3,3,No problems,5/5/2020 11:42
3,Yossi3,1,3,2,3,2,2,2,5,5,2,4,5,4,2,3,3,4,3,3,4,2,3,2,2,No problems,4/5/2020 16:17
4,Yossi4,2,2,1,2,1,2,3,1,2,2,2,2,1,2,3,2,1,3,2,2,1,1,2,2,No problems,4/5/2020 16:15
5,Yossi5,2,3,3,2,2,2,2,2,2,1,2,2,2,3,1,3,3,1,1,1,1,2,2,2,No problems,4/5/2020 16:13
6,Yossi6,2,3,2,2,2,1,1,2,1,2,3,2,2,2,2,1,2,1,1,1,2,1,2,2,No problems,4/5/2020 16:11
7,Yossi7,1,2,2,3,2,3,3,2,1,2,3,1,1,1,3,2,2,2,2,2,3,2,2,2,No problems,4/5/2020 16:09
8,Yossi8,2,2,2,2,3,2,3,2,2,2,2,2,2,2,2,2,2,3,3,3,3,2,3,2,No problems,4/5/2020 16:07
9,Yossi9,2,2,3,2,3,2,1,2,1,1,2,3,2,1,2,2,3,3,2,2,2,2,1,3,No problems,4/5/2020 16:05
10,Yossi10,1,2,2,3,1,1,2,2,2,2,1,2,2,2,1,2,3,2,1,2,1,2,2,2,No problems,4/5/2020 16:03
11,Yossi11,3,2,1,2,3,1,3,2,3,3,2,1,2,2,3,2,2,1,2,2,1,2,2,1,No problems,4/5/2020 16:01
12,Yossi12,1,3,1,2,1,1,2,3,1,3,1,3,2,3,2,2,2,2,1,2,1,2,3,2,No problems,4/5/2020 15:59
13,Yossi13,3,2,3,1,3,1,2,1,2,3,2,3,2,2,1,3,2,1,2,2,2,2,3,2,No problems,4/5/2020 15:57
14,Yossi14,3,2,3,2,1,3,2,1,1,1,2,1,3,2,2,1,2,1,3,3,3,1,2,2,No problems,4/5/2020 15:55
15,Yossi15,3,2,3,2,3,3,2,3,2,2,3,3,1,1,2,1,1,2,3,2,2,1,3,2,No problems,4/5/2020 15:53
16,Yossi16,1,2,2,2,3,2,2,2,1,3,2,3,2,2,2,1,2,3,1,2,2,2,3,3,No problems,4/5/2020 15:51
17,Yossi17,1,1,2,1,2,2,3,2,3,2,1,3,2,1,2,2,1,1,1,3,1,3,2,1,No problems,4/5/2020 15:49
18,Yossi18,2,2,1,2,2,2,2,3,2,3,2,2,2,2,1,2,2,2,1,2,2,2,1,3,No problems,4/5/2020 15:47
19,Yossi19,2,1,3,1,1,1,2,1,2,3,2,3,3,2,2,1,1,3,2,2,2,3,2,3,No problems,4/5/2020 15:45
20,Yossi20,1,1,1,2,2,2,2,2,1,2,1,1,3,3,2,1,1,1,2,3,3,2,2,2,No problems,4/5/2020 15:43
21,Yossi21,2,2,3,2,1,3,2,2,3,2,2,2,2,2,2,2,2,2,3,1,3,2,2,3,No problems,4/5/2020 15:41
22,Yossi22,2,2,3,1,3,1,2,2,2,1,1,2,2,2,2,2,2,2,2,2,2,2,1,3,No problems,4/5/2020 15:39
23,Yossi23,2,2,2,3,1,1,1,2,2,1,2,3,2,2,2,1,1,2,1,3,3,1,2,2,No problems,4/5/2020 15:37
24,Yossi24,1,1,1,2,3,1,2,2,2,3,3,1,3,2,1,2,1,3,2,2,3,2,2,2,No problems,4/5/2020 15:35
25,Yossi25,2,1,2,3,2,2,1,2,2,3,2,3,2,1,3,1,1,2,1,2,2,2,2,3,No problems,4/5/2020 15:33
26,Yossi26,2,3,2,1,2,2,2,1,3,1,2,1,2,2,3,1,2,3,1,2,3,2,3,2,No problems,4/5/2020 15:31
27,Yossi27,2,2,2,2,3,3,2,1,2,3,2,1,2,2,1,1,1,3,2,1,2,3,1,1,No problems,4/5/2020 15:29
28,Yossi28,2,3,1,1,3,1,2,1,2,3,2,2,2,2,2,2,1,2,2,2,3,2,1,2,No problems,4/5/2020 15:27
29,Yossi29,2,2,3,2,1,2,1,2,1,3,2,1,2,2,2,2,2,1,2,2,3,1,1,2,No problems,4/5/2020 15:25
30,Yossi30,3,2,1,1,3,3,2,3,3,2,3,3,1,3,3,3,2,2,2,2,3,3,1,3,No problems,4/5/2020 15:23
31,Yossi31,2,2,1,3,1,1,2,2,2,2,3,1,2,1,1,2,1,1,1,1,2,2,2,1,No problems,4/5/2020 15:21
32,Yossi32,3,1,2,2,1,3,1,2,2,2,2,2,2,1,3,2,1,3,2,3,1,3,1,1,No problems,4/5/2020 15:19
33,Yossi33,2,3,2,3,2,2,2,1,2,2,2,2,2,2,3,2,2,3,2,3,1,2,2,2,No problems,4/5/2020 15:17
34,Yossi34,3,3,2,2,1,1,2,1,2,2,2,2,2,1,1,1,3,2,2,3,3,2,3,2,No problems,4/5/2020 15:15
35,Yossi35,1,1,2,2,2,2,1,2,3,1,2,3,2,1,2,2,2,1,2,3,1,2,1,2,No problems,4/5/2020 15:13
36,Yossi36,3,2,2,2,3,2,2,3,1,2,1,2,2,3,2,3,2,2,3,3,1,2,1,1,No problems,4/5/2020 15:11
37,Yossi37,2,2,2,2,3,3,2,2,2,1,1,2,1,2,1,2,3,2,1,3,1,1,2,2,No problems,4/5/2020 15:09
38,Yossi38,2,3,3,2,2,3,1,2,2,1,3,2,1,2,1,2,1,2,2,3,3,2,1,2,No problems,4/5/2020 15:07
39,Yossi39,2,3,1,2,2,1,2,2,2,3,2,3,3,3,1,3,2,1,3,3,2,3,3,1,No problems,4/5/2020 15:05
40,Yossi40,3,2,2,3,3,1,1,2,2,3,2,3,2,1,1,1,1,2,1,1,2,2,2,1,No problems,4/5/2020 15:03
41,Yossi41,1,2,2,1,2,3,1,2,2,2,3,3,1,1,2,3,1,1,2,3,1,2,2,1,No problems,4/5/2020 15:01
42,Yossi42,1,1,2,2,2,2,3,3,2,1,2,2,2,3,2,1,1,2,3,3,2,2,2,2,No problems,4/5/2020 14:59
43,Yossi43,2,2,2,2,3,3,2,2,3,1,2,2,2,3,2,2,3,2,2,1,3,2,3,2,No problems,4/5/2020 14:57
44,Yossi44,2,3,3,2,2,1,1,3,2,2,2,2,2,2,3,2,3,2,3,2,2,2,2,3,No problems,4/5/2020 14:55
45,Yossi45,3,2,2,3,3,2,2,2,2,1,2,2,2,3,3,2,3,2,1,3,1,1,1,2,No problems,4/5/2020 14:53
46,Yossi46,2,1,3,2,3,2,2,2,2,3,1,2,2,2,1,2,2,2,2,3,2,2,3,1,No problems,4/5/2020 14:51
47,Yossi47,3,2,1,1,1,1,2,3,3,2,2,3,3,1,1,2,2,2,1,3,3,2,3,2,No problems,4/5/2020 14:49
48,Yossi48,3,3,3,3,3,3,2,2,3,3,2,2,3,2,3,3,4,2,4,4,3,3,2,3,No problems,4/5/2020 14:47
49,Yossi49,3,3,4,3,2,4,2,3,3,3,3,3,3,3,3,2,4,3,3,3,2,3,3,2,No problems,4/5/2020 14:45
50,Yossi50,3,4,2,4,3,4,2,4,3,3,3,3,2,3,2,3,3,3,2,3,3,2,3,3,No problems,4/5/2020 14:43
51,Yossi51,3,3,4,4,3,2,3,3,3,2,4,3,2,4,2,3,3,3,3,4,3,4,3,3,No problems,4/5/2020 14:41
52,Yossi52,2,2,3,2,3,4,2,2,4,4,3,4,4,3,4,2,4,4,2,2,3,2,4,3,No problems,4/5/2020 14:39
53,Yossi53,3,3,3,2,3,4,3,3,4,3,3,2,4,3,3,4,2,4,2,4,3,3,3,2,No problems,4/5/2020 14:37
54,Yossi54,2,3,3,2,2,2,3,3,2,4,4,4,3,4,4,4,3,3,2,2,4,3,3,3,No problems,4/5/2020 14:35
55,Yossi55,3,3,3,3,3,4,3,3,3,3,4,2,3,4,2,3,3,2,3,3,4,4,3,4,No problems,4/5/2020 14:33
56,Yossi56,4,3,2,3,4,3,4,3,3,4,2,4,3,4,2,3,4,3,3,2,4,3,4,2,No problems,4/5/2020 14:31
57,Yossi57,2,2,3,4,3,4,3,3,4,3,2,3,2,3,2,4,3,2,2,2,4,4,3,3,No problems,4/5/2020 14:29
58,Yossi58,3,3,3,4,3,4,3,4,2,2,3,4,3,3,4,3,3,4,2,2,4,3,4,4,No problems,4/5/2020 14:27
59,Yossi59,3,3,3,3,3,2,3,3,2,3,3,2,2,2,4,3,3,3,3,3,4,2,3,3,No problems,4/5/2020 14:25
60,Yossi60,2,3,2,3,2,4,2,2,4,4,3,3,4,4,3,2,2,3,3,3,3,2,2,2,No problems,4/5/2020 14:23
61,Yossi61,2,4,2,4,3,3,2,2,3,4,4,3,4,3,4,4,2,3,4,4,3,3,4,4,No problems,4/5/2020 14:21
62,Yossi62,3,2,3,3,3,3,3,4,3,2,2,2,3,2,2,3,3,2,2,3,3,4,3,2,No problems,4/5/2020 14:19
63,Yossi63,2,4,4,4,3,4,3,3,3,3,2,2,3,2,4,3,3,4,3,3,2,3,3,2,No problems,4/5/2020 14:17
64,Yossi64,4,3,2,2,2,2,2,2,4,4,4,3,4,3,2,4,3,3,2,4,3,3,2,4,No problems,4/5/2020 14:15
65,Yossi65,3,4,3,4,3,2,4,2,2,4,4,3,3,3,2,2,4,2,3,4,2,4,2,3,No problems,4/5/2020 14:13
66,Yossi66,2,2,3,2,3,3,3,3,4,3,3,3,3,3,4,3,3,4,4,2,2,2,3,3,No problems,4/5/2020 14:11
67,Yossi67,3,3,3,4,4,3,3,3,3,4,3,4,2,2,2,2,3,3,3,3,3,3,2,4,No problems,4/5/2020 14:09
68,Yossi68,2,2,2,4,4,3,3,3,4,3,3,4,2,3,3,2,4,4,3,3,2,4,3,3,No problems,4/5/2020 14:07
69,Yossi69,3,4,2,3,3,2,4,4,3,4,4,4,3,2,3,3,3,3,4,4,2,4,4,3,No problems,4/5/2020 14:05
70,Yossi70,3,4,2,3,3,2,3,3,2,2,2,3,2,3,3,3,3,3,3,2,3,3,4,2,No problems,4/5/2020 14:03
71,Yossi71,3,4,2,2,3,3,3,4,2,4,3,3,3,2,3,2,3,2,2,4,3,2,4,2,No problems,4/5/2020 14:01
72,Yossi72,2,3,3,3,2,3,2,4,3,3,2,4,3,2,4,2,3,3,3,3,3,4,3,4,No problems,4/5/2020 13:59
73,Yossi73,2,2,3,3,3,3,4,2,4,3,3,3,3,4,3,4,3,4,3,2,3,3,3,3,No problems,4/5/2020 13:57
74,Yossi74,3,3,4,3,2,4,4,2,4,2,2,3,3,3,2,3,3,4,4,2,3,2,3,4,No problems,4/5/2020 13:55
75,Yossi75,4,3,3,4,3,3,3,3,3,4,2,3,3,4,3,3,3,3,3,2,3,4,3,3,No problems,4/5/2020 13:53
76,Yossi76,2,2,3,4,3,4,4,2,3,3,2,3,3,4,4,2,2,4,2,4,3,3,2,2,No problems,4/5/2020 13:51
77,Yossi77,2,3,3,2,4,2,4,4,2,2,3,3,2,3,2,4,3,2,3,2,3,3,3,2,No problems,4/5/2020 13:49
78,Yossi78,3,3,4,3,3,3,2,3,3,3,3,4,4,3,3,4,4,4,4,4,2,3,3,2,No problems,4/5/2020 13:47
79,Yossi79,2,3,3,2,2,3,3,3,3,3,3,3,3,3,3,4,4,3,3,4,3,4,3,3,No problems,4/5/2020 13:45
80,Yossi80,2,3,4,3,4,4,3,4,3,2,3,2,2,3,2,4,3,3,3,3,3,2,3,4,No problems,4/5/2020 13:43
81,Yossi81,4,3,4,3,4,4,3,3,3,4,3,3,4,2,2,4,3,3,2,2,3,2,3,3,No problems,4/5/2020 13:41
82,Yossi82,2,3,2,3,4,2,4,3,3,3,2,4,2,3,4,3,2,2,3,2,3,3,4,2,No problems,4/5/2020 13:39
83,Yossi83,2,3,4,2,2,3,3,3,3,4,3,4,2,4,2,3,3,2,3,3,3,2,3,3,No problems,4/5/2020 13:37
84,Yossi84,3,3,3,3,4,3,3,4,2,3,3,3,3,3,2,3,3,2,3,3,4,4,2,4,No problems,4/5/2020 13:35
85,Yossi85,3,3,4,2,2,3,2,4,3,3,4,3,2,3,4,4,4,4,2,4,4,3,2,3,No problems,4/5/2020 13:33
86,Yossi86,4,4,3,4,2,4,3,3,3,2,4,3,3,3,3,3,3,3,4,2,2,3,3,3,No problems,4/5/2020 13:31
87,Yossi87,2,4,3,3,3,3,3,4,3,3,2,3,3,3,3,2,2,3,4,2,3,3,2,3,No problems,4/5/2020 13:29
88,Yossi88,4,4,4,3,3,4,3,2,4,2,4,3,3,3,3,3,4,3,4,4,3,2,2,3,No problems,4/5/2020 13:27
89,Yossi89,2,3,4,4,2,3,2,3,4,2,3,4,2,3,3,3,4,3,2,4,3,4,3,4,No problems,4/5/2020 13:25
90,Yossi90,5,4,4,4,3,5,4,3,4,3,3,3,4,5,2,4,3,2,2,3,5,5,5,4,No problems,4/5/2020 13:23
91,Yossi91,3,4,3,5,3,2,2,5,3,2,2,2,4,4,5,4,3,5,3,4,3,4,4,4,No problems,4/5/2020 13:21
92,Yossi92,5,4,4,3,2,3,2,2,5,3,3,5,2,3,3,5,3,3,4,4,2,3,3,4,No problems,4/5/2020 13:19
93,Yossi93,3,4,4,4,4,5,4,3,3,5,4,3,3,3,4,4,3,4,3,4,5,5,3,3,No problems,4/5/2020 13:17
94,Yossi94,4,5,2,4,5,2,3,5,4,3,3,4,4,4,4,2,5,4,3,4,2,4,4,3,No problems,4/5/2020 13:15
95,Yossi95,5,5,5,5,2,4,2,3,3,5,4,3,5,4,3,2,3,2,3,5,2,5,4,2,No problems,4/5/2020 13:13
96,Yossi96,3,5,3,3,4,4,3,2,4,5,4,5,2,4,4,4,4,2,3,5,2,4,3,5,No problems,4/5/2020 13:11
97,Yossi97,4,3,2,3,2,3,4,4,4,5,4,2,2,3,4,4,3,5,4,5,4,3,5,3,No problems,4/5/2020 13:09
98,Yossi98,2,4,4,4,5,4,3,4,3,4,3,3,4,2,3,4,4,2,2,3,4,4,3,3,No problems,4/5/2020 13:07
99,Yossi99,3,3,3,3,4,4,4,5,5,3,4,4,3,4,2,2,3,4,4,3,4,3,4,4,No problems,4/5/2020 13:05
100,Yossi100,3,5,3,4,2,3,5,4,3,5,2,5,3,3,3,5,5,3,2,4,5,3,3,3,No problems,4/5/2020 13:03
101,Yossi101,4,4,3,4,4,2,5,2,4,3,3,5,3,4,3,3,4,4,3,3,2,3,4,3,No problems,4/5/2020 13:01
102,Yossi102,5,3,3,5,4,4,5,3,5,4,2,4,3,3,4,3,4,3,2,4,3,5,4,4,No problems,4/5/2020 12:59
103,Yossi103,3,5,4,5,4,3,3,2,4,3,3,3,3,3,3,3,3,3,3,4,4,4,5,2,No problems,4/5/2020 12:57
104,Yossi104,3,3,3,5,2,4,5,3,4,4,3,3,3,4,2,4,4,2,2,2,2,4,4,4,No problems,4/5/2020 12:55
105,Yossi105,4,4,3,5,2,4,2,3,4,2,3,4,5,3,4,3,3,3,5,4,3,2,4,4,No problems,4/5/2020 12:53
106,Yossi106,4,3,4,2,5,4,2,4,3,2,5,3,4,5,4,3,3,4,3,4,2,2,4,2,No problems,4/5/2020 12:51
107,Yossi107,2,3,2,4,4,3,3,3,3,2,3,3,2,3,4,5,4,4,5,5,5,4,3,3,No problems,4/5/2020 12:49
108,Yossi108,3,5,4,3,3,3,2,4,4,2,4,3,2,4,4,4,5,2,4,4,5,2,2,4,No problems,4/5/2020 12:47
109,Yossi109,4,4,3,4,3,2,4,5,3,4,2,5,3,3,3,3,2,3,3,4,3,2,5,4,No problems,4/5/2020 12:45
110,Yossi110,4,5,4,5,4,3,3,4,4,5,5,4,4,2,5,3,4,3,2,2,3,3,5,4,No problems,4/5/2020 12:43
111,Yossi111,5,3,2,2,4,3,5,5,4,4,5,4,2,2,4,4,2,5,2,4,4,5,3,3,No problems,4/5/2020 12:41
112,Yossi112,5,4,2,5,3,4,2,2,5,3,3,4,5,3,3,2,3,4,2,3,4,4,4,4,No problems,4/5/2020 12:39
113,Yossi113,5,5,4,3,2,2,3,3,5,3,3,2,3,3,2,3,5,5,5,3,4,3,4,2,No problems,4/5/2020 12:37
114,Yossi114,2,5,3,4,4,3,3,3,5,3,5,2,3,5,5,5,4,4,4,2,2,3,4,4,No problems,4/5/2020 12:35
115,Yossi115,2,4,2,2,4,3,4,4,4,4,4,2,5,5,3,3,5,2,3,4,4,3,4,4,No problems,4/5/2020 12:33
116,Yossi116,5,4,3,4,3,5,4,2,2,4,3,2,4,4,3,4,5,3,3,3,4,2,3,4,No problems,4/5/2020 12:31
117,Yossi117,3,4,4,3,4,3,4,5,3,2,4,4,2,5,4,4,2,5,5,3,4,5,3,5,No problems,4/5/2020 12:29
118,Yossi118,5,4,3,3,3,4,3,3,4,3,3,5,5,2,4,3,2,3,4,3,5,2,3,3,No problems,4/5/2020 12:27
119,Yossi119,5,3,3,4,3,3,3,3,3,3,3,5,3,3,4,4,3,4,4,2,2,3,4,3,No problems,4/5/2020 12:25
120,Yossi120,5,4,5,4,2,5,5,5,5,3,3,4,4,2,4,3,2,3,4,3,3,4,3,3,No problems,4/5/2020 12:23
121,Yossi121,3,3,3,4,3,2,3,3,3,3,3,4,4,2,3,5,3,5,4,3,3,4,4,4,No problems,4/5/2020 12:21
122,Yossi122,3,4,2,4,5,2,3,5,3,2,4,3,3,3,4,3,4,5,2,3,2,2,4,3,No problems,4/5/2020 12:19
123,Yossi123,4,2,4,2,3,5,5,3,3,4,5,3,2,3,3,4,2,3,4,4,4,3,3,2,No problems,4/5/2020 12:17
124,Yossi124,3,5,3,3,2,5,2,3,3,4,4,2,4,2,2,4,3,3,3,4,4,2,3,5,No problems,4/5/2020 12:15
125,Yossi125,2,4,4,4,4,2,2,3,4,3,4,4,4,4,4,3,4,5,3,2,2,4,3,3,No problems,4/5/2020 12:13
126,Yossi126,4,3,4,3,3,2,3,4,3,4,5,4,4,3,5,5,3,3,4,4,3,2,4,5,No problems,4/5/2020 12:11
127,Yossi127,4,4,4,3,3,4,3,3,3,3,4,4,2,5,2,4,2,4,5,3,3,4,3,3,No problems,4/5/2020 12:09
128,Yossi128,4,3,3,4,3,3,3,5,2,2,2,5,2,5,5,4,2,2,4,5,2,4,3,4,No problems,4/5/2020 12:07
129,Yossi129,2,3,4,3,4,5,4,5,4,5,3,3,4,3,4,3,4,3,3,4,3,4,3,2,No problems,4/5/2020 12:05
130,Yossi2,3,1,5,4,2,2,4,5,4,4,3,2,3,2,1,4,2,2,2,5,5,3,3,3,No problems,5/5/2020 11:42
131,Yossi3,1,3,2,3,2,2,2,5,5,2,4,5,4,2,3,3,4,3,3,4,2,3,2,2,No problems,4/5/2020 16:17
132,Yossi4,2,2,1,2,1,2,3,1,2,2,2,2,1,2,3,2,1,3,2,2,1,1,2,2,No problems,4/5/2020 16:15
133,Yossi5,2,3,3,2,2,2,2,2,2,1,2,2,2,3,1,3,3,1,1,1,1,2,2,2,No problems,4/5/2020 16:13
134,Yossi6,2,3,2,2,2,1,1,2,1,2,3,2,2,2,2,1,2,1,1,1,2,1,2,2,No problems,4/5/2020 16:11
135,Yossi7,1,2,2,3,2,3,3,2,1,2,3,1,1,1,3,2,2,2,2,2,3,2,2,2,No problems,4/5/2020 16:09
136,Yossi8,2,2,2,2,3,2,3,2,2,2,2,2,2,2,2,2,2,3,3,3,3,2,3,2,No problems,4/5/2020 16:07
137,Yossi9,2,2,3,2,3,2,1,2,1,1,2,3,2,1,2,2,3,3,2,2,2,2,1,3,No problems,4/5/2020 16:05
138,Yossi10,1,2,2,3,1,1,2,2,2,2,1,2,2,2,1,2,3,2,1,2,1,2,2,2,No problems,4/5/2020 16:03
139,Yossi11,3,2,1,2,3,1,3,2,3,3,2,1,2,2,3,2,2,1,2,2,1,2,2,1,No problems,4/5/2020 16:01
140,Yossi12,1,3,1,2,1,1,2,3,1,3,1,3,2,3,2,2,2,2,1,2,1,2,3,2,No problems,4/5/2020 15:59
141,Yossi13,3,2,3,1,3,1,2,1,2,3,2,3,2,2,1,3,2,1,2,2,2,2,3,2,No problems,4/5/2020 15:57
142,Yossi14,3,2,3,2,1,3,2,1,1,1,2,1,3,2,2,1,2,1,3,3,3,1,2,2,No problems,4/5/2020 15:55
143,Yossi15,3,2,3,2,3,3,2,3,2,2,3,3,1,1,2,1,1,2,3,2,2,1,3,2,No problems,4/5/2020 15:53
144,Yossi16,1,2,2,2,3,2,2,2,1,3,2,3,2,2,2,1,2,3,1,2,2,2,3,3,No problems,4/5/2020 15:51
145,Yossi17,1,1,2,1,2,2,3,2,3,2,1,3,2,1,2,2,1,1,1,3,1,3,2,1,No problems,4/5/2020 15:49
146,Yossi18,2,2,1,2,2,2,2,3,2,3,2,2,2,2,1,2,2,2,1,2,2,2,1,3,No problems,4/5/2020 15:47
147,Yossi19,2,1,3,1,1,1,2,1,2,3,2,3,3,2,2,1,1,3,2,2,2,3,2,3,No problems,4/5/2020 15:45
148,Yossi20,1,1,1,2,2,2,2,2,1,2,1,1,3,3,2,1,1,1,2,3,3,2,2,2,No problems,4/5/2020 15:43
149,Yossi21,2,2,3,2,1,3,2,2,3,2,2,2,2,2,2,2,2,2,3,1,3,2,2,3,No problems,4/5/2020 15:41
150,Yossi22,2,2,3,1,3,1,2,2,2,1,1,2,2,2,2,2,2,2,2,2,2,2,1,3,No problems,4/5/2020 15:39
151,Yossi23,2,2,2,3,1,1,1,2,2,1,2,3,2,2,2,1,1,2,1,3,3,1,2,2,No problems,4/5/2020 15:37
152,Yossi24,1,1,1,2,3,1,2,2,2,3,3,1,3,2,1,2,1,3,2,2,3,2,2,2,No problems,4/5/2020 15:35
153,Yossi25,2,1,2,3,2,2,1,2,2,3,2,3,2,1,3,1,1,2,1,2,2,2,2,3,No problems,4/5/2020 15:33
154,Yossi26,2,3,2,1,2,2,2,1,3,1,2,1,2,2,3,1,2,3,1,2,3,2,3,2,No problems,4/5/2020 15:31
155,Yossi27,2,2,2,2,3,3,2,1,2,3,2,1,2,2,1,1,1,3,2,1,2,3,1,1,No problems,4/5/2020 15:29
156,Yossi28,2,3,1,1,3,1,2,1,2,3,2,2,2,2,2,2,1,2,2,2,3,2,1,2,No problems,4/5/2020 15:27
157,Yossi29,2,2,3,2,1,2,1,2,1,3,2,1,2,2,2,2,2,1,2,2,3,1,1,2,No problems,4/5/2020 15:25
158,Yossi30,3,2,1,1,3,3,2,3,3,2,3,3,1,3,3,3,2,2,2,2,3,3,1,3,No problems,4/5/2020 15:23
159,Yossi31,2,2,1,3,1,1,2,2,2,2,3,1,2,1,1,2,1,1,1,1,2,2,2,1,No problems,4/5/2020 15:21
160,Yossi32,3,1,2,2,1,3,1,2,2,2,2,2,2,1,3,2,1,3,2,3,1,3,1,1,No problems,4/5/2020 15:19
161,Yossi33,2,3,2,3,2,2,2,1,2,2,2,2,2,2,3,2,2,3,2,3,1,2,2,2,No problems,4/5/2020 15:17
162,Yossi34,3,3,2,2,1,1,2,1,2,2,2,2,2,1,1,1,3,2,2,3,3,2,3,2,No problems,4/5/2020 15:15
163,Yossi35,1,1,2,2,2,2,1,2,3,1,2,3,2,1,2,2,2,1,2,3,1,2,1,2,No problems,4/5/2020 15:13
164,Yossi36,3,2,2,2,3,2,2,3,1,2,1,2,2,3,2,3,2,2,3,3,1,2,1,1,No problems,4/5/2020 15:11
165,Yossi37,2,2,2,2,3,3,2,2,2,1,1,2,1,2,1,2,3,2,1,3,1,1,2,2,No problems,4/5/2020 15:09
166,Yossi38,2,3,3,2,2,3,1,2,2,1,3,2,1,2,1,2,1,2,2,3,3,2,1,2,No problems,4/5/2020 15:07
167,Yossi39,2,3,1,2,2,1,2,2,2,3,2,3,3,3,1,3,2,1,3,3,2,3,3,1,No problems,4/5/2020 15:05
168,Yossi40,3,2,2,3,3,1,1,2,2,3,2,3,2,1,1,1,1,2,1,1,2,2,2,1,No problems,4/5/2020 15:03
169,Yossi41,1,2,2,1,2,3,1,2,2,2,3,3,1,1,2,3,1,1,2,3,1,2,2,1,No problems,4/5/2020 15:01
170,Yossi42,1,1,2,2,2,2,3,3,2,1,2,2,2,3,2,1,1,2,3,3,2,2,2,2,No problems,4/5/2020 14:59
171,Yossi43,2,2,2,2,3,3,2,2,3,1,2,2,2,3,2,2,3,2,2,1,3,2,3,2,No problems,4/5/2020 14:57
172,Yossi44,2,3,3,2,2,1,1,3,2,2,2,2,2,2,3,2,3,2,3,2,2,2,2,3,No problems,4/5/2020 14:55
173,Yossi45,3,2,2,3,3,2,2,2,2,1,2,2,2,3,3,2,3,2,1,3,1,1,1,2,No problems,4/5/2020 14:53
174,Yossi46,2,1,3,2,3,2,2,2,2,3,1,2,2,2,1,2,2,2,2,3,2,2,3,1,No problems,4/5/2020 14:51
175,Yossi47,3,2,1,1,1,1,2,3,3,2,2,3,3,1,1,2,2,2,1,3,3,2,3,2,No problems,4/5/2020 14:49
176,Yossi48,3,3,3,3,3,3,2,2,3,3,2,2,3,2,3,3,4,2,4,4,3,3,2,3,No problems,4/5/2020 14:47
177,Yossi49,3,3,4,3,2,4,2,3,3,3,3,3,3,3,3,2,4,3,3,3,2,3,3,2,No problems,4/5/2020 14:45
178,Yossi50,3,4,2,4,3,4,2,4,3,3,3,3,2,3,2,3,3,3,2,3,3,2,3,3,No problems,4/5/2020 14:43
179,Yossi51,3,3,4,4,3,2,3,3,3,2,4,3,2,4,2,3,3,3,3,4,3,4,3,3,No problems,4/5/2020 14:41
180,Yossi52,2,2,3,2,3,4,2,2,4,4,3,4,4,3,4,2,4,4,2,2,3,2,4,3,No problems,4/5/2020 14:39
181,Yossi53,3,3,3,2,3,4,3,3,4,3,3,2,4,3,3,4,2,4,2,4,3,3,3,2,No problems,4/5/2020 14:37
182,Yossi54,2,3,3,2,2,2,3,3,2,4,4,4,3,4,4,4,3,3,2,2,4,3,3,3,No problems,4/5/2020 14:35
183,Yossi55,3,3,3,3,3,4,3,3,3,3,4,2,3,4,2,3,3,2,3,3,4,4,3,4,No problems,4/5/2020 14:33
184,Yossi56,4,3,2,3,4,3,4,3,3,4,2,4,3,4,2,3,4,3,3,2,4,3,4,2,No problems,4/5/2020 14:31
185,Yossi57,2,2,3,4,3,4,3,3,4,3,2,3,2,3,2,4,3,2,2,2,4,4,3,3,No problems,4/5/2020 14:29
186,Yossi58,3,3,3,4,3,4,3,4,2,2,3,4,3,3,4,3,3,4,2,2,4,3,4,4,No problems,4/5/2020 14:27
187,Yossi59,3,3,3,3,3,2,3,3,2,3,3,2,2,2,4,3,3,3,3,3,4,2,3,3,No problems,4/5/2020 14:25
188,Yossi60,2,3,2,3,2,4,2,2,4,4,3,3,4,4,3,2,2,3,3,3,3,2,2,2,No problems,4/5/2020 14:23
189,Yossi61,2,4,2,4,3,3,2,2,3,4,4,3,4,3,4,4,2,3,4,4,3,3,4,4,No problems,4/5/2020 14:21
190,Yossi62,3,2,3,3,3,3,3,4,3,2,2,2,3,2,2,3,3,2,2,3,3,4,3,2,No problems,4/5/2020 14:19
191,Yossi63,2,4,4,4,3,4,3,3,3,3,2,2,3,2,4,3,3,4,3,3,2,3,3,2,No problems,4/5/2020 14:17
192,Yossi64,4,3,2,2,2,2,2,2,4,4,4,3,4,3,2,4,3,3,2,4,3,3,2,4,No problems,4/5/2020 14:15
193,Yossi65,3,4,3,4,3,2,4,2,2,4,4,3,3,3,2,2,4,2,3,4,2,4,2,3,No problems,4/5/2020 14:13
194,Yossi66,2,2,3,2,3,3,3,3,4,3,3,3,3,3,4,3,3,4,4,2,2,2,3,3,No problems,4/5/2020 14:11
195,Yossi67,3,3,3,4,4,3,3,3,3,4,3,4,2,2,2,2,3,3,3,3,3,3,2,4,No problems,4/5/2020 14:09
196,Yossi68,2,2,2,4,4,3,3,3,4,3,3,4,2,3,3,2,4,4,3,3,2,4,3,3,No problems,4/5/2020 14:07
197,Yossi69,3,4,2,3,3,2,4,4,3,4,4,4,3,2,3,3,3,3,4,4,2,4,4,3,No problems,4/5/2020 14:05
198,Yossi70,3,4,2,3,3,2,3,3,2,2,2,3,2,3,3,3,3,3,3,2,3,3,4,2,No problems,4/5/2020 14:03
199,Yossi71,3,4,2,2,3,3,3,4,2,4,3,3,3,2,3,2,3,2,2,4,3,2,4,2,No problems,4/5/2020 14:01
200,Yossi72,2,3,3,3,2,3,2,4,3,3,2,4,3,2,4,2,3,3,3,3,3,4,3,4,No problems,4/5/2020 13:59
201,Yossi73,2,2,3,3,3,3,4,2,4,3,3,3,3,4,3,4,3,4,3,2,3,3,3,3,No problems,4/5/2020 13:57
202,Yossi74,3,3,4,3,2,4,4,2,4,2,2,3,3,3,2,3,3,4,4,2,3,2,3,4,No problems,4/5/2020 13:55
203,Yossi75,4,3,3,4,3,3,3,3,3,4,2,3,3,4,3,3,3,3,3,2,3,4,3,3,No problems,4/5/2020 13:53
204,Yossi76,2,2,3,4,3,4,4,2,3,3,2,3,3,4,4,2,2,4,2,4,3,3,2,2,No problems,4/5/2020 13:51
205,Yossi77,2,3,3,2,4,2,4,4,2,2,3,3,2,3,2,4,3,2,3,2,3,3,3,2,No problems,4/5/2020 13:49
206,Yossi78,3,3,4,3,3,3,2,3,3,3,3,4,4,3,3,4,4,4,4,4,2,3,3,2,No problems,4/5/2020 13:47
207,Yossi79,2,3,3,2,2,3,3,3,3,3,3,3,3,3,3,4,4,3,3,4,3,4,3,3,No problems,4/5/2020 13:45
208,Yossi80,2,3,4,3,4,4,3,4,3,2,3,2,2,3,2,4,3,3,3,3,3,2,3,4,No problems,4/5/2020 13:43
209,Yossi81,4,3,4,3,4,4,3,3,3,4,3,3,4,2,2,4,3,3,2,2,3,2,3,3,No problems,4/5/2020 13:41
210,Yossi82,2,3,2,3,4,2,4,3,3,3,2,4,2,3,4,3,2,2,3,2,3,3,4,2,No problems,4/5/2020 13:39
211,Yossi83,2,3,4,2,2,3,3,3,3,4,3,4,2,4,2,3,3,2,3,3,3,2,3,3,No problems,4/5/2020 13:37
212,Yossi84,3,3,3,3,4,3,3,4,2,3,3,3,3,3,2,3,3,2,3,3,4,4,2,4,No problems,4/5/2020 13:35
213,Yossi85,3,3,4,2,2,3,2,4,3,3,4,3,2,3,4,4,4,4,2,4,4,3,2,3,No problems,4/5/2020 13:33
214,Yossi86,4,4,3,4,2,4,3,3,3,2,4,3,3,3,3,3,3,3,4,2,2,3,3,3,No problems,4/5/2020 13:31
215,Yossi87,2,4,3,3,3,3,3,4,3,3,2,3,3,3,3,2,2,3,4,2,3,3,2,3,No problems,4/5/2020 13:29
216,Yossi88,4,4,4,3,3,4,3,2,4,2,4,3,3,3,3,3,4,3,4,4,3,2,2,3,No problems,4/5/2020 13:27
217,Yossi89,2,3,4,4,2,3,2,3,4,2,3,4,2,3,3,3,4,3,2,4,3,4,3,4,No problems,4/5/2020 13:25
218,Yossi90,5,4,4,4,3,5,4,3,4,3,3,3,4,5,2,4,3,2,2,3,5,5,5,4,No problems,4/5/2020 13:23
219,Yossi91,3,4,3,5,3,2,2,5,3,2,2,2,4,4,5,4,3,5,3,4,3,4,4,4,No problems,4/5/2020 13:21
220,Yossi92,5,4,4,3,2,3,2,2,5,3,3,5,2,3,3,5,3,3,4,4,2,3,3,4,No problems,4/5/2020 13:19
221,Yossi93,3,4,4,4,4,5,4,3,3,5,4,3,3,3,4,4,3,4,3,4,5,5,3,3,No problems,4/5/2020 13:17
222,Yossi94,4,5,2,4,5,2,3,5,4,3,3,4,4,4,4,2,5,4,3,4,2,4,4,3,No problems,4/5/2020 13:15
223,Yossi95,5,5,5,5,2,4,2,3,3,5,4,3,5,4,3,2,3,2,3,5,2,5,4,2,No problems,4/5/2020 13:13
224,Yossi96,3,5,3,3,4,4,3,2,4,5,4,5,2,4,4,4,4,2,3,5,2,4,3,5,No problems,4/5/2020 13:11
225,Yossi97,4,3,2,3,2,3,4,4,4,5,4,2,2,3,4,4,3,5,4,5,4,3,5,3,No problems,4/5/2020 13:09
226,Yossi98,2,4,4,4,5,4,3,4,3,4,3,3,4,2,3,4,4,2,2,3,4,4,3,3,No problems,4/5/2020 13:07
227,Yossi99,3,3,3,3,4,4,4,5,5,3,4,4,3,4,2,2,3,4,4,3,4,3,4,4,No problems,4/5/2020 13:05
228,Yossi100,3,5,3,4,2,3,5,4,3,5,2,5,3,3,3,5,5,3,2,4,5,3,3,3,No problems,4/5/2020 13:03
229,Yossi101,4,4,3,4,4,2,5,2,4,3,3,5,3,4,3,3,4,4,3,3,2,3,4,3,No problems,4/5/2020 13:01
230,Yossi102,5,3,3,5,4,4,5,3,5,4,2,4,3,3,4,3,4,3,2,4,3,5,4,4,No problems,4/5/2020 12:59
231,Yossi103,3,5,4,5,4,3,3,2,4,3,3,3,3,3,3,3,3,3,3,4,4,4,5,2,No problems,4/5/2020 12:57
232,Yossi104,3,3,3,5,2,4,5,3,4,4,3,3,3,4,2,4,4,2,2,2,2,4,4,4,No problems,4/5/2020 12:55
233,Yossi105,4,4,3,5,2,4,2,3,4,2,3,4,5,3,4,3,3,3,5,4,3,2,4,4,No problems,4/5/2020 12:53
234,Yossi106,4,3,4,2,5,4,2,4,3,2,5,3,4,5,4,3,3,4,3,4,2,2,4,2,No problems,4/5/2020 12:51
235,Yossi107,2,3,2,4,4,3,3,3,3,2,3,3,2,3,4,5,4,4,5,5,5,4,3,3,No problems,4/5/2020 12:49
236,Yossi108,3,5,4,3,3,3,2,4,4,2,4,3,2,4,4,4,5,2,4,4,5,2,2,4,No problems,4/5/2020 12:47
237,Yossi109,4,4,3,4,3,2,4,5,3,4,2,5,3,3,3,3,2,3,3,4,3,2,5,4,No problems,4/5/2020 12:45
238,Yossi110,4,5,4,5,4,3,3,4,4,5,5,4,4,2,5,3,4,3,2,2,3,3,5,4,No problems,4/5/2020 12:43
239,Yossi2,3,1,5,4,2,2,4,5,4,4,3,2,3,2,1,4,2,2,2,5,5,3,3,3,No problems,5/5/2020 11:42
240,Yossi3,1,3,2,3,2,2,2,5,5,2,4,5,4,2,3,3,4,3,3,4,2,3,2,2,No problems,4/5/2020 16:17
241,Yossi4,2,2,1,2,1,2,3,1,2,2,2,2,1,2,3,2,1,3,2,2,1,1,2,2,No problems,4/5/2020 16:15
242,Yossi5,2,3,3,2,2,2,2,2,2,1,2,2,2,3,1,3,3,1,1,1,1,2,2,2,No problems,4/5/2020 16:13
243,Yossi6,2,3,2,2,2,1,1,2,1,2,3,2,2,2,2,1,2,1,1,1,2,1,2,2,No problems,4/5/2020 16:11
244,Yossi7,1,2,2,3,2,3,3,2,1,2,3,1,1,1,3,2,2,2,2,2,3,2,2,2,No problems,4/5/2020 16:09
245,Yossi8,2,2,2,2,3,2,3,2,2,2,2,2,2,2,2,2,2,3,3,3,3,2,3,2,No problems,4/5/2020 16:07
246,Yossi9,2,2,3,2,3,2,1,2,1,1,2,3,2,1,2,2,3,3,2,2,2,2,1,3,No problems,4/5/2020 16:05
247,Yossi10,1,2,2,3,1,1,2,2,2,2,1,2,2,2,1,2,3,2,1,2,1,2,2,2,No problems,4/5/2020 16:03
248,Yossi11,3,2,1,2,3,1,3,2,3,3,2,1,2,2,3,2,2,1,2,2,1,2,2,1,No problems,4/5/2020 16:01
249,Yossi12,1,3,1,2,1,1,2,3,1,3,1,3,2,3,2,2,2,2,1,2,1,2,3,2,No problems,4/5/2020 15:59
250,Yossi13,3,2,3,1,3,1,2,1,2,3,2,3,2,2,1,3,2,1,2,2,2,2,3,2,No problems,4/5/2020 15:57
251,Yossi14,3,2,3,2,1,3,2,1,1,1,2,1,3,2,2,1,2,1,3,3,3,1,2,2,No problems,4/5/2020 15:55
252,Yossi15,3,2,3,2,3,3,2,3,2,2,3,3,1,1,2,1,1,2,3,2,2,1,3,2,No problems,4/5/2020 15:53
253,Yossi16,1,2,2,2,3,2,2,2,1,3,2,3,2,2,2,1,2,3,1,2,2,2,3,3,No problems,4/5/2020 15:51
254,Yossi17,1,1,2,1,2,2,3,2,3,2,1,3,2,1,2,2,1,1,1,3,1,3,2,1,No problems,4/5/2020 15:49
255,Yossi18,2,2,1,2,2,2,2,3,2,3,2,2,2,2,1,2,2,2,1,2,2,2,1,3,No problems,4/5/2020 15:47
256,Yossi19,2,1,3,1,1,1,2,1,2,3,2,3,3,2,2,1,1,3,2,2,2,3,2,3,No problems,4/5/2020 15:45
257,Yossi20,1,1,1,2,2,2,2,2,1,2,1,1,3,3,2,1,1,1,2,3,3,2,2,2,No problems,4/5/2020 15:43
258,Yossi21,2,2,3,2,1,3,2,2,3,2,2,2,2,2,2,2,2,2,3,1,3,2,2,3,No problems,4/5/2020 15:41
259,Yossi22,2,2,3,1,3,1,2,2,2,1,1,2,2,2,2,2,2,2,2,2,2,2,1,3,No problems,4/5/2020 15:39
260,Yossi23,2,2,2,3,1,1,1,2,2,1,2,3,2,2,2,1,1,2,1,3,3,1,2,2,No problems,4/5/2020 15:37
261,Yossi24,1,1,1,2,3,1,2,2,2,3,3,1,3,2,1,2,1,3,2,2,3,2,2,2,No problems,4/5/2020 15:35
262,Yossi25,2,1,2,3,2,2,1,2,2,3,2,3,2,1,3,1,1,2,1,2,2,2,2,3,No problems,4/5/2020 15:33
263,Yossi26,2,3,2,1,2,2,2,1,3,1,2,1,2,2,3,1,2,3,1,2,3,2,3,2,No problems,4/5/2020 15:31
264,Yossi27,2,2,2,2,3,3,2,1,2,3,2,1,2,2,1,1,1,3,2,1,2,3,1,1,No problems,4/5/2020 15:29
265,Yossi28,2,3,1,1,3,1,2,1,2,3,2,2,2,2,2,2,1,2,2,2,3,2,1,2,No problems,4/5/2020 15:27
266,Yossi29,2,2,3,2,1,2,1,2,1,3,2,1,2,2,2,2,2,1,2,2,3,1,1,2,No problems,4/5/2020 15:25
267,Yossi30,3,2,1,1,3,3,2,3,3,2,3,3,1,3,3,3,2,2,2,2,3,3,1,3,No problems,4/5/2020 15:23
268,Yossi31,2,2,1,3,1,1,2,2,2,2,3,1,2,1,1,2,1,1,1,1,2,2,2,1,No problems,4/5/2020 15:21
269,Yossi32,3,1,2,2,1,3,1,2,2,2,2,2,2,1,3,2,1,3,2,3,1,3,1,1,No problems,4/5/2020 15:19
270,Yossi33,2,3,2,3,2,2,2,1,2,2,2,2,2,2,3,2,2,3,2,3,1,2,2,2,No problems,4/5/2020 15:17
271,Yossi34,3,3,2,2,1,1,2,1,2,2,2,2,2,1,1,1,3,2,2,3,3,2,3,2,No problems,4/5/2020 15:15
272,Yossi35,1,1,2,2,2,2,1,2,3,1,2,3,2,1,2,2,2,1,2,3,1,2,1,2,No problems,4/5/2020 15:13
273,Yossi36,3,2,2,2,3,2,2,3,1,2,1,2,2,3,2,3,2,2,3,3,1,2,1,1,No problems,4/5/2020 15:11
274,Yossi37,2,2,2,2,3,3,2,2,2,1,1,2,1,2,1,2,3,2,1,3,1,1,2,2,No problems,4/5/2020 15:09
275,Yossi38,2,3,3,2,2,3,1,2,2,1,3,2,1,2,1,2,1,2,2,3,3,2,1,2,No problems,4/5/2020 15:07
276,Yossi39,2,3,1,2,2,1,2,2,2,3,2,3,3,3,1,3,2,1,3,3,2,3,3,1,No problems,4/5/2020 15:05
277,Yossi40,3,2,2,3,3,1,1,2,2,3,2,3,2,1,1,1,1,2,1,1,2,2,2,1,No problems,4/5/2020 15:03
278,Yossi41,1,2,2,1,2,3,1,2,2,2,3,3,1,1,2,3,1,1,2,3,1,2,2,1,No problems,4/5/2020 15:01
279,Yossi42,1,1,2,2,2,2,3,3,2,1,2,2,2,3,2,1,1,2,3,3,2,2,2,2,No problems,4/5/2020 14:59
280,Yossi43,2,2,2,2,3,3,2,2,3,1,2,2,2,3,2,2,3,2,2,1,3,2,3,2,No problems,4/5/2020 14:57
281,Yossi44,2,3,3,2,2,1,1,3,2,2,2,2,2,2,3,2,3,2,3,2,2,2,2,3,No problems,4/5/2020 14:55
282,Yossi45,3,2,2,3,3,2,2,2,2,1,2,2,2,3,3,2,3,2,1,3,1,1,1,2,No problems,4/5/2020 14:53
283,Yossi46,2,1,3,2,3,2,2,2,2,3,1,2,2,2,1,2,2,2,2,3,2,2,3,1,No problems,4/5/2020 14:51
284,Yossi47,3,2,1,1,1,1,2,3,3,2,2,3,3,1,1,2,2,2,1,3,3,2,3,2,No problems,4/5/2020 14:49
285,Yossi48,3,3,3,3,3,3,2,2,3,3,2,2,3,2,3,3,4,2,4,4,3,3,2,3,No problems,4/5/2020 14:47
286,Yossi49,3,3,4,3,2,4,2,3,3,3,3,3,3,3,3,2,4,3,3,3,2,3,3,2,No problems,4/5/2020 14:45
287,Yossi50,3,4,2,4,3,4,2,4,3,3,3,3,2,3,2,3,3,3,2,3,3,2,3,3,No problems,4/5/2020 14:43
288,Yossi51,3,3,4,4,3,2,3,3,3,2,4,3,2,4,2,3,3,3,3,4,3,4,3,3,No problems,4/5/2020 14:41
289,Yossi52,2,2,3,2,3,4,2,2,4,4,3,4,4,3,4,2,4,4,2,2,3,2,4,3,No problems,4/5/2020 14:39
290,Yossi53,3,3,3,2,3,4,3,3,4,3,3,2,4,3,3,4,2,4,2,4,3,3,3,2,No problems,4/5/2020 14:37
291,Yossi54,2,3,3,2,2,2,3,3,2,4,4,4,3,4,4,4,3,3,2,2,4,3,3,3,No problems,4/5/2020 14:35
292,Yossi55,3,3,3,3,3,4,3,3,3,3,4,2,3,4,2,3,3,2,3,3,4,4,3,4,No problems,4/5/2020 14:33
293,Yossi56,4,3,2,3,4,3,4,3,3,4,2,4,3,4,2,3,4,3,3,2,4,3,4,2,No problems,4/5/2020 14:31
294,Yossi57,2,2,3,4,3,4,3,3,4,3,2,3,2,3,2,4,3,2,2,2,4,4,3,3,No problems,4/5/2020 14:29
295,Yossi58,3,3,3,4,3,4,3,4,2,2,3,4,3,3,4,3,3,4,2,2,4,3,4,4,No problems,4/5/2020 14:27
296,Yossi59,3,3,3,3,3,2,3,3,2,3,3,2,2,2,4,3,3,3,3,3,4,2,3,3,No problems,4/5/2020 14:25
297,Yossi60,2,3,2,3,2,4,2,2,4,4,3,3,4,4,3,2,2,3,3,3,3,2,2,2,No problems,4/5/2020 14:23
298,Yossi61,2,4,2,4,3,3,2,2,3,4,4,3,4,3,4,4,2,3,4,4,3,3,4,4,No problems,4/5/2020 14:21
299,Yossi62,3,2,3,3,3,3,3,4,3,2,2,2,3,2,2,3,3,2,2,3,3,4,3,2,No problems,4/5/2020 14:19
300,Yossi63,2,4,4,4,3,4,3,3,3,3,2,2,3,2,4,3,3,4,3,3,2,3,3,2,No problems,4/5/2020 14:17
301,Yossi64,4,3,2,2,2,2,2,2,4,4,4,3,4,3,2,4,3,3,2,4,3,3,2,4,No problems,4/5/2020 14:15
302,Yossi65,3,4,3,4,3,2,4,2,2,4,4,3,3,3,2,2,4,2,3,4,2,4,2,3,No problems,4/5/2020 14:13
303,Yossi66,2,2,3,2,3,3,3,3,4,3,3,3,3,3,4,3,3,4,4,2,2,2,3,3,No problems,4/5/2020 14:11
304,Yossi67,3,3,3,4,4,3,3,3,3,4,3,4,2,2,2,2,3,3,3,3,3,3,2,4,No problems,4/5/2020 14:09
305,Yossi68,2,2,2,4,4,3,3,3,4,3,3,4,2,3,3,2,4,4,3,3,2,4,3,3,No problems,4/5/2020 14:07
306,Yossi69,3,4,2,3,3,2,4,4,3,4,4,4,3,2,3,3,3,3,4,4,2,4,4,3,No problems,4/5/2020 14:05
307,Yossi70,3,4,2,3,3,2,3,3,2,2,2,3,2,3,3,3,3,3,3,2,3,3,4,2,No problems,4/5/2020 14:03
308,Yossi71,3,4,2,2,3,3,3,4,2,4,3,3,3,2,3,2,3,2,2,4,3,2,4,2,No problems,4/5/2020 14:01
309,Yossi72,2,3,3,3,2,3,2,4,3,3,2,4,3,2,4,2,3,3,3,3,3,4,3,4,No problems,4/5/2020 13:59
310,Yossi73,2,2,3,3,3,3,4,2,4,3,3,3,3,4,3,4,3,4,3,2,3,3,3,3,No problems,4/5/2020 13:57
311,Yossi74,3,3,4,3,2,4,4,2,4,2,2,3,3,3,2,3,3,4,4,2,3,2,3,4,No problems,4/5/2020 13:55
312,Yossi75,4,3,3,4,3,3,3,3,3,4,2,3,3,4,3,3,3,3,3,2,3,4,3,3,No problems,4/5/2020 13:53
313,Yossi76,2,2,3,4,3,4,4,2,3,3,2,3,3,4,4,2,2,4,2,4,3,3,2,2,No problems,4/5/2020 13:51
314,Yossi77,2,3,3,2,4,2,4,4,2,2,3,3,2,3,2,4,3,2,3,2,3,3,3,2,No problems,4/5/2020 13:49
315,Yossi78,3,3,4,3,3,3,2,3,3,3,3,4,4,3,3,4,4,4,4,4,2,3,3,2,No problems,4/5/2020 13:47
316,Yossi79,2,3,3,2,2,3,3,3,3,3,3,3,3,3,3,4,4,3,3,4,3,4,3,3,No problems,4/5/2020 13:45
317,Yossi80,2,3,4,3,4,4,3,4,3,2,3,2,2,3,2,4,3,3,3,3,3,2,3,4,No problems,4/5/2020 13:43
318,Yossi81,4,3,4,3,4,4,3,3,3,4,3,3,4,2,2,4,3,3,2,2,3,2,3,3,No problems,4/5/2020 13:41
319,Yossi82,2,3,2,3,4,2,4,3,3,3,2,4,2,3,4,3,2,2,3,2,3,3,4,2,No problems,4/5/2020 13:39
320,Yossi83,2,3,4,2,2,3,3,3,3,4,3,4,2,4,2,3,3,2,3,3,3,2,3,3,No problems,4/5/2020 13:37
321,Yossi84,3,3,3,3,4,3,3,4,2,3,3,3,3,3,2,3,3,2,3,3,4,4,2,4,No problems,4/5/2020 13:35
322,Yossi85,3,3,4,2,2,3,2,4,3,3,4,3,2,3,4,4,4,4,2,4,4,3,2,3,No problems,4/5/2020 13:33
323,Yossi86,4,4,3,4,2,4,3,3,3,2,4,3,3,3,3,3,3,3,4,2,2,3,3,3,No problems,4/5/2020 13:31
324,Yossi87,2,4,3,3,3,3,3,4,3,3,2,3,3,3,3,2,2,3,4,2,3,3,2,3,No problems,4/5/2020 13:29
325,Yossi88,4,4,4,3,3,4,3,2,4,2,4,3,3,3,3,3,4,3,4,4,3,2,2,3,No problems,4/5/2020 13:27
326,Yossi89,2,3,4,4,2,3,2,3,4,2,3,4,2,3,3,3,4,3,2,4,3,4,3,4,No problems,4/5/2020 13:25
327,Yossi90,5,4,4,4,3,5,4,3,4,3,3,3,4,5,2,4,3,2,2,3,5,5,5,4,No problems,4/5/2020 13:23
328,Yossi91,3,4,3,5,3,2,2,5,3,2,2,2,4,4,5,4,3,5,3,4,3,4,4,4,No problems,4/5/2020 13:21
329,Yossi92,5,4,4,3,2,3,2,2,5,3,3,5,2,3,3,5,3,3,4,4,2,3,3,4,No problems,4/5/2020 13:19
330,Yossi93,3,4,4,4,4,5,4,3,3,5,4,3,3,3,4,4,3,4,3,4,5,5,3,3,No problems,4/5/2020 13:17
331,Yossi94,4,5,2,4,5,2,3,5,4,3,3,4,4,4,4,2,5,4,3,4,2,4,4,3,No problems,4/5/2020 13:15
332,Yossi95,5,5,5,5,2,4,2,3,3,5,4,3,5,4,3,2,3,2,3,5,2,5,4,2,No problems,4/5/2020 13:13
333,Yossi96,3,5,3,3,4,4,3,2,4,5,4,5,2,4,4,4,4,2,3,5,2,4,3,5,No problems,4/5/2020 13:11
334,Yossi97,4,3,2,3,2,3,4,4,4,5,4,2,2,3,4,4,3,5,4,5,4,3,5,3,No problems,4/5/2020 13:09
335,Yossi98,2,4,4,4,5,4,3,4,3,4,3,3,4,2,3,4,4,2,2,3,4,4,3,3,No problems,4/5/2020 13:07
336,Yossi99,3,3,3,3,4,4,4,5,5,3,4,4,3,4,2,2,3,4,4,3,4,3,4,4,No problems,4/5/2020 13:05
337,Yossi100,3,5,3,4,2,3,5,4,3,5,2,5,3,3,3,5,5,3,2,4,5,3,3,3,No problems,4/5/2020 13:03
338,Yossi101,4,4,3,4,4,2,5,2,4,3,3,5,3,4,3,3,4,4,3,3,2,3,4,3,No problems,4/5/2020 13:01
339,Yossi102,5,3,3,5,4,4,5,3,5,4,2,4,3,3,4,3,4,3,2,4,3,5,4,4,No problems,4/5/2020 12:59
340,Yossi103,3,5,4,5,4,3,3,2,4,3,3,3,3,3,3,3,3,3,3,4,4,4,5,2,No problems,4/5/2020 12:57
341,Yossi104,3,3,3,5,2,4,5,3,4,4,3,3,3,4,2,4,4,2,2,2,2,4,4,4,No problems,4/5/2020 12:55
342,Yossi105,4,4,3,5,2,4,2,3,4,2,3,4,5,3,4,3,3,3,5,4,3,2,4,4,No problems,4/5/2020 12:53
343,Yossi106,4,3,4,2,5,4,2,4,3,2,5,3,4,5,4,3,3,4,3,4,2,2,4,2,No problems,4/5/2020 12:51
344,Yossi107,2,3,2,4,4,3,3,3,3,2,3,3,2,3,4,5,4,4,5,5,5,4,3,3,No problems,4/5/2020 12:49
345,Yossi108,3,5,4,3,3,3,2,4,4,2,4,3,2,4,4,4,5,2,4,4,5,2,2,4,No problems,4/5/2020 12:47
346,Yossi109,4,4,3,4,3,2,4,5,3,4,2,5,3,3,3,3,2,3,3,4,3,2,5,4,No problems,4/5/2020 12:45
347,Yossi110,4,5,4,5,4,3,3,4,4,5,5,4,4,2,5,3,4,3,2,2,3,3,5,4,No problems,4/5/2020 12:43
348,Yossi2,3,1,5,4,2,2,4,5,4,4,3,2,3,2,1,4,2,2,2,5,5,3,3,3,No problems,5/5/2020 11:42
349,Yossi3,1,3,2,3,2,2,2,5,5,2,4,5,4,2,3,3,4,3,3,4,2,3,2,2,No problems,4/5/2020 16:17
350,Yossi4,2,2,1,2,1,2,3,1,2,2,2,2,1,2,3,2,1,3,2,2,1,1,2,2,No problems,4/5/2020 16:15
351,Yossi5,2,3,3,2,2,2,2,2,2,1,2,2,2,3,1,3,3,1,1,1,1,2,2,2,No problems,4/5/2020 16:13
352,Yossi6,2,3,2,2,2,1,1,2,1,2,3,2,2,2,2,1,2,1,1,1,2,1,2,2,No problems,4/5/2020 16:11
353,Yossi7,1,2,2,3,2,3,3,2,1,2,3,1,1,1,3,2,2,2,2,2,3,2,2,2,No problems,4/5/2020 16:09
354,Yossi8,2,2,2,2,3,2,3,2,2,2,2,2,2,2,2,2,2,3,3,3,3,2,3,2,No problems,4/5/2020 16:07
355,Yossi9,2,2,3,2,3,2,1,2,1,1,2,3,2,1,2,2,3,3,2,2,2,2,1,3,No problems,4/5/2020 16:05
356,Yossi10,1,2,2,3,1,1,2,2,2,2,1,2,2,2,1,2,3,2,1,2,1,2,2,2,No problems,4/5/2020 16:03
357,Yossi11,3,2,1,2,3,1,3,2,3,3,2,1,2,2,3,2,2,1,2,2,1,2,2,1,No problems,4/5/2020 16:01
358,Yossi12,1,3,1,2,1,1,2,3,1,3,1,3,2,3,2,2,2,2,1,2,1,2,3,2,No problems,4/5/2020 15:59
359,Yossi13,3,2,3,1,3,1,2,1,2,3,2,3,2,2,1,3,2,1,2,2,2,2,3,2,No problems,4/5/2020 15:57
360,Yossi14,3,2,3,2,1,3,2,1,1,1,2,1,3,2,2,1,2,1,3,3,3,1,2,2,No problems,4/5/2020 15:55
361,Yossi15,3,2,3,2,3,3,2,3,2,2,3,3,1,1,2,1,1,2,3,2,2,1,3,2,No problems,4/5/2020 15:53
362,Yossi16,1,2,2,2,3,2,2,2,1,3,2,3,2,2,2,1,2,3,1,2,2,2,3,3,No problems,4/5/2020 15:51
363,Yossi17,1,1,2,1,2,2,3,2,3,2,1,3,2,1,2,2,1,1,1,3,1,3,2,1,No problems,4/5/2020 15:49
364,Yossi18,2,2,1,2,2,2,2,3,2,3,2,2,2,2,1,2,2,2,1,2,2,2,1,3,No problems,4/5/2020 15:47
365,Yossi19,2,1,3,1,1,1,2,1,2,3,2,3,3,2,2,1,1,3,2,2,2,3,2,3,No problems,4/5/2020 15:45
366,Yossi20,1,1,1,2,2,2,2,2,1,2,1,1,3,3,2,1,1,1,2,3,3,2,2,2,No problems,4/5/2020 15:43
367,Yossi21,2,2,3,2,1,3,2,2,3,2,2,2,2,2,2,2,2,2,3,1,3,2,2,3,No problems,4/5/2020 15:41
368,Yossi22,2,2,3,1,3,1,2,2,2,1,1,2,2,2,2,2,2,2,2,2,2,2,1,3,No problems,4/5/2020 15:39
369,Yossi23,2,2,2,3,1,1,1,2,2,1,2,3,2,2,2,1,1,2,1,3,3,1,2,2,No problems,4/5/2020 15:37
370,Yossi24,1,1,1,2,3,1,2,2,2,3,3,1,3,2,1,2,1,3,2,2,3,2,2,2,No problems,4/5/2020 15:35
371,Yossi25,2,1,2,3,2,2,1,2,2,3,2,3,2,1,3,1,1,2,1,2,2,2,2,3,No problems,4/5/2020 15:33
372,Yossi26,2,3,2,1,2,2,2,1,3,1,2,1,2,2,3,1,2,3,1,2,3,2,3,2,No problems,4/5/2020 15:31
373,Yossi27,2,2,2,2,3,3,2,1,2,3,2,1,2,2,1,1,1,3,2,1,2,3,1,1,No problems,4/5/2020 15:29
374,Yossi28,2,3,1,1,3,1,2,1,2,3,2,2,2,2,2,2,1,2,2,2,3,2,1,2,No problems,4/5/2020 15:27
375,Yossi29,2,2,3,2,1,2,1,2,1,3,2,1,2,2,2,2,2,1,2,2,3,1,1,2,No problems,4/5/2020 15:25
376,Yossi30,3,2,1,1,3,3,2,3,3,2,3,3,1,3,3,3,2,2,2,2,3,3,1,3,No problems,4/5/2020 15:23
377,Yossi31,2,2,1,3,1,1,2,2,2,2,3,1,2,1,1,2,1,1,1,1,2,2,2,1,No problems,4/5/2020 15:21
378,Yossi32,3,1,2,2,1,3,1,2,2,2,2,2,2,1,3,2,1,3,2,3,1,3,1,1,No problems,4/5/2020 15:19
379,Yossi33,2,3,2,3,2,2,2,1,2,2,2,2,2,2,3,2,2,3,2,3,1,2,2,2,No problems,4/5/2020 15:17
380,Yossi34,3,3,2,2,1,1,2,1,2,2,2,2,2,1,1,1,3,2,2,3,3,2,3,2,No problems,4/5/2020 15:15
381,Yossi35,1,1,2,2,2,2,1,2,3,1,2,3,2,1,2,2,2,1,2,3,1,2,1,2,No problems,4/5/2020 15:13
382,Yossi36,3,2,2,2,3,2,2,3,1,2,1,2,2,3,2,3,2,2,3,3,1,2,1,1,No problems,4/5/2020 15:11
383,Yossi37,2,2,2,2,3,3,2,2,2,1,1,2,1,2,1,2,3,2,1,3,1,1,2,2,No problems,4/5/2020 15:09
384,Yossi38,2,3,3,2,2,3,1,2,2,1,3,2,1,2,1,2,1,2,2,3,3,2,1,2,No problems,4/5/2020 15:07
385,Yossi39,2,3,1,2,2,1,2,2,2,3,2,3,3,3,1,3,2,1,3,3,2,3,3,1,No problems,4/5/2020 15:05
386,Yossi40,3,2,2,3,3,1,1,2,2,3,2,3,2,1,1,1,1,2,1,1,2,2,2,1,No problems,4/5/2020 15:03
387,Yossi41,1,2,2,1,2,3,1,2,2,2,3,3,1,1,2,3,1,1,2,3,1,2,2,1,No problems,4/5/2020 15:01
388,Yossi42,1,1,2,2,2,2,3,3,2,1,2,2,2,3,2,1,1,2,3,3,2,2,2,2,No problems,4/5/2020 14:59
389,Yossi43,2,2,2,2,3,3,2,2,3,1,2,2,2,3,2,2,3,2,2,1,3,2,3,2,No problems,4/5/2020 14:57
390,Yossi44,2,3,3,2,2,1,1,3,2,2,2,2,2,2,3,2,3,2,3,2,2,2,2,3,No problems,4/5/2020 14:55
391,Yossi45,3,2,2,3,3,2,2,2,2,1,2,2,2,3,3,2,3,2,1,3,1,1,1,2,No problems,4/5/2020 14:53
392,Yossi46,2,1,3,2,3,2,2,2,2,3,1,2,2,2,1,2,2,2,2,3,2,2,3,1,No problems,4/5/2020 14:51
393,Yossi47,3,2,1,1,1,1,2,3,3,2,2,3,3,1,1,2,2,2,1,3,3,2,3,2,No problems,4/5/2020 14:49
394,Yossi48,3,3,3,3,3,3,2,2,3,3,2,2,3,2,3,3,4,2,4,4,3,3,2,3,No problems,4/5/2020 14:47
395,Yossi49,3,3,4,3,2,4,2,3,3,3,3,3,3,3,3,2,4,3,3,3,2,3,3,2,No problems,4/5/2020 14:45
396,Yossi50,3,4,2,4,3,4,2,4,3,3,3,3,2,3,2,3,3,3,2,3,3,2,3,3,No problems,4/5/2020 14:43
397,Yossi51,3,3,4,4,3,2,3,3,3,2,4,3,2,4,2,3,3,3,3,4,3,4,3,3,No problems,4/5/2020 14:41
398,Yossi52,2,2,3,2,3,4,2,2,4,4,3,4,4,3,4,2,4,4,2,2,3,2,4,3,No problems,4/5/2020 14:39
399,Yossi53,3,3,3,2,3,4,3,3,4,3,3,2,4,3,3,4,2,4,2,4,3,3,3,2,No problems,4/5/2020 14:37
400,Yossi54,2,3,3,2,2,2,3,3,2,4,4,4,3,4,4,4,3,3,2,2,4,3,3,3,No problems,4/5/2020 14:35
401,Yossi55,3,3,3,3,3,4,3,3,3,3,4,2,3,4,2,3,3,2,3,3,4,4,3,4,No problems,4/5/2020 14:33
402,Yossi56,4,3,2,3,4,3,4,3,3,4,2,4,3,4,2,3,4,3,3,2,4,3,4,2,No problems,4/5/2020 14:31
403,Yossi57,2,2,3,4,3,4,3,3,4,3,2,3,2,3,2,4,3,2,2,2,4,4,3,3,No problems,4/5/2020 14:29
404,Yossi58,3,3,3,4,3,4,3,4,2,2,3,4,3,3,4,3,3,4,2,2,4,3,4,4,No problems,4/5/2020 14:27
405,Yossi59,3,3,3,3,3,2,3,3,2,3,3,2,2,2,4,3,3,3,3,3,4,2,3,3,No problems,4/5/2020 14:25
406,Yossi60,2,3,2,3,2,4,2,2,4,4,3,3,4,4,3,2,2,3,3,3,3,2,2,2,No problems,4/5/2020 14:23
407,Yossi61,2,4,2,4,3,3,2,2,3,4,4,3,4,3,4,4,2,3,4,4,3,3,4,4,No problems,4/5/2020 14:21
408,Yossi62,3,2,3,3,3,3,3,4,3,2,2,2,3,2,2,3,3,2,2,3,3,4,3,2,No problems,4/5/2020 14:19
409,Yossi63,2,4,4,4,3,4,3,3,3,3,2,2,3,2,4,3,3,4,3,3,2,3,3,2,No problems,4/5/2020 14:17
410,Yossi64,4,3,2,2,2,2,2,2,4,4,4,3,4,3,2,4,3,3,2,4,3,3,2,4,No problems,4/5/2020 14:15
411,Yossi65,3,4,3,4,3,2,4,2,2,4,4,3,3,3,2,2,4,2,3,4,2,4,2,3,No problems,4/5/2020 14:13
412,Yossi66,2,2,3,2,3,3,3,3,4,3,3,3,3,3,4,3,3,4,4,2,2,2,3,3,No problems,4/5/2020 14:11
413,Yossi67,3,3,3,4,4,3,3,3,3,4,3,4,2,2,2,2,3,3,3,3,3,3,2,4,No problems,4/5/2020 14:09
414,Yossi68,2,2,2,4,4,3,3,3,4,3,3,4,2,3,3,2,4,4,3,3,2,4,3,3,No problems,4/5/2020 14:07
415,Yossi69,3,4,2,3,3,2,4,4,3,4,4,4,3,2,3,3,3,3,4,4,2,4,4,3,No problems,4/5/2020 14:05
416,Yossi70,3,4,2,3,3,2,3,3,2,2,2,3,2,3,3,3,3,3,3,2,3,3,4,2,No problems,4/5/2020 14:03
417,Yossi71,3,4,2,2,3,3,3,4,2,4,3,3,3,2,3,2,3,2,2,4,3,2,4,2,No problems,4/5/2020 14:01
418,Yossi72,2,3,3,3,2,3,2,4,3,3,2,4,3,2,4,2,3,3,3,3,3,4,3,4,No problems,4/5/2020 13:59
419,Yossi73,2,2,3,3,3,3,4,2,4,3,3,3,3,4,3,4,3,4,3,2,3,3,3,3,No problems,4/5/2020 13:57
420,Yossi74,3,3,4,3,2,4,4,2,4,2,2,3,3,3,2,3,3,4,4,2,3,2,3,4,No problems,4/5/2020 13:55
421,Yossi75,4,3,3,4,3,3,3,3,3,4,2,3,3,4,3,3,3,3,3,2,3,4,3,3,No problems,4/5/2020 13:53
422,Yossi76,2,2,3,4,3,4,4,2,3,3,2,3,3,4,4,2,2,4,2,4,3,3,2,2,No problems,4/5/2020 13:51
423,Yossi77,2,3,3,2,4,2,4,4,2,2,3,3,2,3,2,4,3,2,3,2,3,3,3,2,No problems,4/5/2020 13:49
424,Yossi78,3,3,4,3,3,3,2,3,3,3,3,4,4,3,3,4,4,4,4,4,2,3,3,2,No problems,4/5/2020 13:47
425,Yossi79,2,3,3,2,2,3,3,3,3,3,3,3,3,3,3,4,4,3,3,4,3,4,3,3,No problems,4/5/2020 13:45
426,Yossi80,2,3,4,3,4,4,3,4,3,2,3,2,2,3,2,4,3,3,3,3,3,2,3,4,No problems,4/5/2020 13:43
427,Yossi81,4,3,4,3,4,4,3,3,3,4,3,3,4,2,2,4,3,3,2,2,3,2,3,3,No problems,4/5/2020 13:41
428,Yossi82,2,3,2,3,4,2,4,3,3,3,2,4,2,3,4,3,2,2,3,2,3,3,4,2,No problems,4/5/2020 13:39
429,Yossi83,2,3,4,2,2,3,3,3,3,4,3,4,2,4,2,3,3,2,3,3,3,2,3,3,No problems,4/5/2020 13:37
430,Yossi84,3,3,3,3,4,3,3,4,2,3,3,3,3,3,2,3,3,2,3,3,4,4,2,4,No problems,4/5/2020 13:35
431,Yossi85,3,3,4,2,2,3,2,4,3,3,4,3,2,3,4,4,4,4,2,4,4,3,2,3,No problems,4/5/2020 13:33
432,Yossi86,4,4,3,4,2,4,3,3,3,2,4,3,3,3,3,3,3,3,4,2,2,3,3,3,No problems,4/5/2020 13:31
433,Yossi87,2,4,3,3,3,3,3,4,3,3,2,3,3,3,3,2,2,3,4,2,3,3,2,3,No problems,4/5/2020 13:29
434,Yossi88,4,4,4,3,3,4,3,2,4,2,4,3,3,3,3,3,4,3,4,4,3,2,2,3,No problems,4/5/2020 13:27
435,Yossi89,2,3,4,4,2,3,2,3,4,2,3,4,2,3,3,3,4,3,2,4,3,4,3,4,No problems,4/5/2020 13:25
436,Yossi90,5,4,4,4,3,5,4,3,4,3,3,3,4,5,2,4,3,2,2,3,5,5,5,4,No problems,4/5/2020 13:23
437,Yossi91,3,4,3,5,3,2,2,5,3,2,2,2,4,4,5,4,3,5,3,4,3,4,4,4,No problems,4/5/2020 13:21
438,Yossi92,5,4,4,3,2,3,2,2,5,3,3,5,2,3,3,5,3,3,4,4,2,3,3,4,No problems,4/5/2020 13:19
439,Yossi93,3,4,4,4,4,5,4,3,3,5,4,3,3,3,4,4,3,4,3,4,5,5,3,3,No problems,4/5/2020 13:17
440,Yossi94,4,5,2,4,5,2,3,5,4,3,3,4,4,4,4,2,5,4,3,4,2,4,4,3,No problems,4/5/2020 13:15
441,Yossi95,5,5,5,5,2,4,2,3,3,5,4,3,5,4,3,2,3,2,3,5,2,5,4,2,No problems,4/5/2020 13:13
442,Yossi96,3,5,3,3,4,4,3,2,4,5,4,5,2,4,4,4,4,2,3,5,2,4,3,5,No problems,4/5/2020 13:11
443,Yossi97,4,3,2,3,2,3,4,4,4,5,4,2,2,3,4,4,3,5,4,5,4,3,5,3,No problems,4/5/2020 13:09
444,Yossi98,2,4,4,4,5,4,3,4,3,4,3,3,4,2,3,4,4,2,2,3,4,4,3,3,No problems,4/5/2020 13:07
445,Yossi99,3,3,3,3,4,4,4,5,5,3,4,4,3,4,2,2,3,4,4,3,4,3,4,4,No problems,4/5/2020 13:05
446,Yossi100,3,5,3,4,2,3,5,4,3,5,2,5,3,3,3,5,5,3,2,4,5,3,3,3,No problems,4/5/2020 13:03
447,Yossi101,4,4,3,4,4,2,5,2,4,3,3,5,3,4,3,3,4,4,3,3,2,3,4,3,No problems,4/5/2020 13:01
448,Yossi102,5,3,3,5,4,4,5,3,5,4,2,4,3,3,4,3,4,3,2,4,3,5,4,4,No problems,4/5/2020 12:59
449,Yossi103,3,5,4,5,4,3,3,2,4,3,3,3,3,3,3,3,3,3,3,4,4,4,5,2,No problems,4/5/2020 12:57
450,Yossi104,3,3,3,5,2,4,5,3,4,4,3,3,3,4,2,4,4,2,2,2,2,4,4,4,No problems,4/5/2020 12:55
451,Yossi105,4,4,3,5,2,4,2,3,4,2,3,4,5,3,4,3,3,3,5,4,3,2,4,4,No problems,4/5/2020 12:53
452,Yossi106,4,3,4,2,5,4,2,4,3,2,5,3,4,5,4,3,3,4,3,4,2,2,4,2,No problems,4/5/2020 12:51
453,Yossi107,2,3,2,4,4,3,3,3,3,2,3,3,2,3,4,5,4,4,5,5,5,4,3,3,No problems,4/5/2020 12:49
454,Yossi108,3,5,4,3,3,3,2,4,4,2,4,3,2,4,4,4,5,2,4,4,5,2,2,4,No problems,4/5/2020 12:47
455,Yossi109,4,4,3,4,3,2,4,5,3,4,2,5,3,3,3,3,2,3,3,4,3,2,5,4,No problems,4/5/2020 12:45
456,Yossi110,4,5,4,5,4,3,3,4,4,5,5,4,4,2,5,3,4,3,2,2,3,3,5,4,No problems,4/5/2020 12:43
457,Yossi2,3,1,5,4,2,2,4,5,4,4,3,2,3,2,1,4,2,2,2,5,5,3,3,3,No problems,5/5/2020 11:42
458,Yossi3,1,3,2,3,2,2,2,5,5,2,4,5,4,2,3,3,4,3,3,4,2,3,2,2,No problems,4/5/2020 16:17
459,Yossi4,2,2,1,2,1,2,3,1,2,2,2,2,1,2,3,2,1,3,2,2,1,1,2,2,No problems,4/5/2020 16:15
460,Yossi5,2,3,3,2,2,2,2,2,2,1,2,2,2,3,1,3,3,1,1,1,1,2,2,2,No problems,4/5/2020 16:13
461,Yossi6,2,3,2,2,2,1,1,2,1,2,3,2,2,2,2,1,2,1,1,1,2,1,2,2,No problems,4/5/2020 16:11
462,Yossi7,1,2,2,3,2,3,3,2,1,2,3,1,1,1,3,2,2,2,2,2,3,2,2,2,No problems,4/5/2020 16:09
463,Yossi8,2,2,2,2,3,2,3,2,2,2,2,2,2,2,2,2,2,3,3,3,3,2,3,2,No problems,4/5/2020 16:07
464,Yossi9,2,2,3,2,3,2,1,2,1,1,2,3,2,1,2,2,3,3,2,2,2,2,1,3,No problems,4/5/2020 16:05
465,Yossi10,1,2,2,3,1,1,2,2,2,2,1,2,2,2,1,2,3,2,1,2,1,2,2,2,No problems,4/5/2020 16:03
466,Yossi11,3,2,1,2,3,1,3,2,3,3,2,1,2,2,3,2,2,1,2,2,1,2,2,1,No problems,4/5/2020 16:01
467,Yossi12,1,3,1,2,1,1,2,3,1,3,1,3,2,3,2,2,2,2,1,2,1,2,3,2,No problems,4/5/2020 15:59
468,Yossi13,3,2,3,1,3,1,2,1,2,3,2,3,2,2,1,3,2,1,2,2,2,2,3,2,No problems,4/5/2020 15:57
469,Yossi14,3,2,3,2,1,3,2,1,1,1,2,1,3,2,2,1,2,1,3,3,3,1,2,2,No problems,4/5/2020 15:55
470,Yossi15,3,2,3,2,3,3,2,3,2,2,3,3,1,1,2,1,1,2,3,2,2,1,3,2,No problems,4/5/2020 15:53
471,Yossi16,1,2,2,2,3,2,2,2,1,3,2,3,2,2,2,1,2,3,1,2,2,2,3,3,No problems,4/5/2020 15:51
472,Yossi17,1,1,2,1,2,2,3,2,3,2,1,3,2,1,2,2,1,1,1,3,1,3,2,1,No problems,4/5/2020 15:49
473,Yossi18,2,2,1,2,2,2,2,3,2,3,2,2,2,2,1,2,2,2,1,2,2,2,1,3,No problems,4/5/2020 15:47
474,Yossi19,2,1,3,1,1,1,2,1,2,3,2,3,3,2,2,1,1,3,2,2,2,3,2,3,No problems,4/5/2020 15:45
475,Yossi20,1,1,1,2,2,2,2,2,1,2,1,1,3,3,2,1,1,1,2,3,3,2,2,2,No problems,4/5/2020 15:43
476,Yossi21,2,2,3,2,1,3,2,2,3,2,2,2,2,2,2,2,2,2,3,1,3,2,2,3,No problems,4/5/2020 15:41
477,Yossi22,2,2,3,1,3,1,2,2,2,1,1,2,2,2,2,2,2,2,2,2,2,2,1,3,No problems,4/5/2020 15:39
478,Yossi23,2,2,2,3,1,1,1,2,2,1,2,3,2,2,2,1,1,2,1,3,3,1,2,2,No problems,4/5/2020 15:37
479,Yossi24,1,1,1,2,3,1,2,2,2,3,3,1,3,2,1,2,1,3,2,2,3,2,2,2,No problems,4/5/2020 15:35
480,Yossi25,2,1,2,3,2,2,1,2,2,3,2,3,2,1,3,1,1,2,1,2,2,2,2,3,No problems,4/5/2020 15:33
481,Yossi26,2,3,2,1,2,2,2,1,3,1,2,1,2,2,3,1,2,3,1,2,3,2,3,2,No problems,4/5/2020 15:31
482,Yossi27,2,2,2,2,3,3,2,1,2,3,2,1,2,2,1,1,1,3,2,1,2,3,1,1,No problems,4/5/2020 15:29
483,Yossi28,2,3,1,1,3,1,2,1,2,3,2,2,2,2,2,2,1,2,2,2,3,2,1,2,No problems,4/5/2020 15:27
484,Yossi29,2,2,3,2,1,2,1,2,1,3,2,1,2,2,2,2,2,1,2,2,3,1,1,2,No problems,4/5/2020 15:25
485,Yossi30,3,2,1,1,3,3,2,3,3,2,3,3,1,3,3,3,2,2,2,2,3,3,1,3,No problems,4/5/2020 15:23
486,Yossi31,2,2,1,3,1,1,2,2,2,2,3,1,2,1,1,2,1,1,1,1,2,2,2,1,No problems,4/5/2020 15:21
487,Yossi32,3,1,2,2,1,3,1,2,2,2,2,2,2,1,3,2,1,3,2,3,1,3,1,1,No problems,4/5/2020 15:19
488,Yossi33,2,3,2,3,2,2,2,1,2,2,2,2,2,2,3,2,2,3,2,3,1,2,2,2,No problems,4/5/2020 15:17
489,Yossi34,3,3,2,2,1,1,2,1,2,2,2,2,2,1,1,1,3,2,2,3,3,2,3,2,No problems,4/5/2020 15:15
490,Yossi35,1,1,2,2,2,2,1,2,3,1,2,3,2,1,2,2,2,1,2,3,1,2,1,2,No problems,4/5/2020 15:13
491,Yossi36,3,2,2,2,3,2,2,3,1,2,1,2,2,3,2,3,2,2,3,3,1,2,1,1,No problems,4/5/2020 15:11
492,Yossi37,2,2,2,2,3,3,2,2,2,1,1,2,1,2,1,2,3,2,1,3,1,1,2,2,No problems,4/5/2020 15:09
493,Yossi38,2,3,3,2,2,3,1,2,2,1,3,2,1,2,1,2,1,2,2,3,3,2,1,2,No problems,4/5/2020 15:07
494,Yossi39,2,3,1,2,2,1,2,2,2,3,2,3,3,3,1,3,2,1,3,3,2,3,3,1,No problems,4/5/2020 15:05
495,Yossi40,3,2,2,3,3,1,1,2,2,3,2,3,2,1,1,1,1,2,1,1,2,2,2,1,No problems,4/5/2020 15:03
496,Yossi41,1,2,2,1,2,3,1,2,2,2,3,3,1,1,2,3,1,1,2,3,1,2,2,1,No problems,4/5/2020 15:01
497,Yossi42,1,1,2,2,2,2,3,3,2,1,2,2,2,3,2,1,1,2,3,3,2,2,2,2,No problems,4/5/2020 14:59
498,Yossi43,2,2,2,2,3,3,2,2,3,1,2,2,2,3,2,2,3,2,2,1,3,2,3,2,No problems,4/5/2020 14:57
499,Yossi44,2,3,3,2,2,1,1,3,2,2,2,2,2,2,3,2,3,2,3,2,2,2,2,3,No problems,4/5/2020 14:55
500,Yossi45,3,2,2,3,3,2,2,2,2,1,2,2,2,3,3,2,3,2,1,3,1,1,1,2,No problems,4/5/2020 14:53
501,Yossi46,2,1,3,2,3,2,2,2,2,3,1,2,2,2,1,2,2,2,2,3,2,2,3,1,No problems,4/5/2020 14:51
502,Yossi47,3,2,1,1,1,1,2,3,3,2,2,3,3,1,1,2,2,2,1,3,3,2,3,2,No problems,4/5/2020 14:49
503,Yossi48,3,3,3,3,3,3,2,2,3,3,2,2,3,2,3,3,4,2,4,4,3,3,2,3,No problems,4/5/2020 14:47
504,Yossi49,3,3,4,3,2,4,2,3,3,3,3,3,3,3,3,2,4,3,3,3,2,3,3,2,No problems,4/5/2020 14:45
505,Yossi50,3,4,2,4,3,4,2,4,3,3,3,3,2,3,2,3,3,3,2,3,3,2,3,3,No problems,4/5/2020 14:43
506,Yossi51,3,3,4,4,3,2,3,3,3,2,4,3,2,4,2,3,3,3,3,4,3,4,3,3,No problems,4/5/2020 14:41
507,Yossi52,2,2,3,2,3,4,2,2,4,4,3,4,4,3,4,2,4,4,2,2,3,2,4,3,No problems,4/5/2020 14:39
508,Yossi53,3,3,3,2,3,4,3,3,4,3,3,2,4,3,3,4,2,4,2,4,3,3,3,2,No problems,4/5/2020 14:37
509,Yossi54,2,3,3,2,2,2,3,3,2,4,4,4,3,4,4,4,3,3,2,2,4,3,3,3,No problems,4/5/2020 14:35
510,Yossi55,3,3,3,3,3,4,3,3,3,3,4,2,3,4,2,3,3,2,3,3,4,4,3,4,No problems,4/5/2020 14:33
511,Yossi56,4,3,2,3,4,3,4,3,3,4,2,4,3,4,2,3,4,3,3,2,4,3,4,2,No problems,4/5/2020 14:31
512,Yossi57,2,2,3,4,3,4,3,3,4,3,2,3,2,3,2,4,3,2,2,2,4,4,3,3,No problems,4/5/2020 14:29
513,Yossi58,3,3,3,4,3,4,3,4,2,2,3,4,3,3,4,3,3,4,2,2,4,3,4,4,No problems,4/5/2020 14:27
514,Yossi59,3,3,3,3,3,2,3,3,2,3,3,2,2,2,4,3,3,3,3,3,4,2,3,3,No problems,4/5/2020 14:25
515,Yossi60,2,3,2,3,2,4,2,2,4,4,3,3,4,4,3,2,2,3,3,3,3,2,2,2,No problems,4/5/2020 14:23
516,Yossi61,2,4,2,4,3,3,2,2,3,4,4,3,4,3,4,4,2,3,4,4,3,3,4,4,No problems,4/5/2020 14:21
517,Yossi62,3,2,3,3,3,3,3,4,3,2,2,2,3,2,2,3,3,2,2,3,3,4,3,2,No problems,4/5/2020 14:19
518,Yossi63,2,4,4,4,3,4,3,3,3,3,2,2,3,2,4,3,3,4,3,3,2,3,3,2,No problems,4/5/2020 14:17
519,Yossi64,4,3,2,2,2,2,2,2,4,4,4,3,4,3,2,4,3,3,2,4,3,3,2,4,No problems,4/5/2020 14:15
520,Yossi65,3,4,3,4,3,2,4,2,2,4,4,3,3,3,2,2,4,2,3,4,2,4,2,3,No problems,4/5/2020 14:13
521,Yossi66,2,2,3,2,3,3,3,3,4,3,3,3,3,3,4,3,3,4,4,2,2,2,3,3,No problems,4/5/2020 14:11
522,Yossi67,3,3,3,4,4,3,3,3,3,4,3,4,2,2,2,2,3,3,3,3,3,3,2,4,No problems,4/5/2020 14:09
523,Yossi68,2,2,2,4,4,3,3,3,4,3,3,4,2,3,3,2,4,4,3,3,2,4,3,3,No problems,4/5/2020 14:07
524,Yossi69,3,4,2,3,3,2,4,4,3,4,4,4,3,2,3,3,3,3,4,4,2,4,4,3,No problems,4/5/2020 14:05
525,Yossi70,3,4,2,3,3,2,3,3,2,2,2,3,2,3,3,3,3,3,3,2,3,3,4,2,No problems,4/5/2020 14:03
526,Yossi71,3,4,2,2,3,3,3,4,2,4,3,3,3,2,3,2,3,2,2,4,3,2,4,2,No problems,4/5/2020 14:01
527,Yossi72,2,3,3,3,2,3,2,4,3,3,2,4,3,2,4,2,3,3,3,3,3,4,3,4,No problems,4/5/2020 13:59
528,Yossi73,2,2,3,3,3,3,4,2,4,3,3,3,3,4,3,4,3,4,3,2,3,3,3,3,No problems,4/5/2020 13:57
529,Yossi74,3,3,4,3,2,4,4,2,4,2,2,3,3,3,2,3,3,4,4,2,3,2,3,4,No problems,4/5/2020 13:55
530,Yossi75,4,3,3,4,3,3,3,3,3,4,2,3,3,4,3,3,3,3,3,2,3,4,3,3,No problems,4/5/2020 13:53
531,Yossi76,2,2,3,4,3,4,4,2,3,3,2,3,3,4,4,2,2,4,2,4,3,3,2,2,No problems,4/5/2020 13:51
532,Yossi77,2,3,3,2,4,2,4,4,2,2,3,3,2,3,2,4,3,2,3,2,3,3,3,2,No problems,4/5/2020 13:49
533,Yossi78,3,3,4,3,3,3,2,3,3,3,3,4,4,3,3,4,4,4,4,4,2,3,3,2,No problems,4/5/2020 13:47
534,Yossi79,2,3,3,2,2,3,3,3,3,3,3,3,3,3,3,4,4,3,3,4,3,4,3,3,No problems,4/5/2020 13:45
535,Yossi80,2,3,4,3,4,4,3,4,3,2,3,2,2,3,2,4,3,3,3,3,3,2,3,4,No problems,4/5/2020 13:43
536,Yossi81,4,3,4,3,4,4,3,3,3,4,3,3,4,2,2,4,3,3,2,2,3,2,3,3,No problems,4/5/2020 13:41
537,Yossi82,2,3,2,3,4,2,4,3,3,3,2,4,2,3,4,3,2,2,3,2,3,3,4,2,No problems,4/5/2020 13:39
538,Yossi83,2,3,4,2,2,3,3,3,3,4,3,4,2,4,2,3,3,2,3,3,3,2,3,3,No problems,4/5/2020 13:37
539,Yossi84,3,3,3,3,4,3,3,4,2,3,3,3,3,3,2,3,3,2,3,3,4,4,2,4,No problems,4/5/2020 13:35
540,Yossi85,3,3,4,2,2,3,2,4,3,3,4,3,2,3,4,4,4,4,2,4,4,3,2,3,No problems,4/5/2020 13:33
541,Yossi86,4,4,3,4,2,4,3,3,3,2,4,3,3,3,3,3,3,3,4,2,2,3,3,3,No problems,4/5/2020 13:31
542,Yossi87,2,4,3,3,3,3,3,4,3,3,2,3,3,3,3,2,2,3,4,2,3,3,2,3,No problems,4/5/2020 13:29
543,Yossi88,4,4,4,3,3,4,3,2,4,2,4,3,3,3,3,3,4,3,4,4,3,2,2,3,No problems,4/5/2020 13:27
544,Yossi89,2,3,4,4,2,3,2,3,4,2,3,4,2,3,3,3,4,3,2,4,3,4,3,4,No problems,4/5/2020 13:25
545,Yossi90,5,4,4,4,3,5,4,3,4,3,3,3,4,5,2,4,3,2,2,3,5,5,5,4,No problems,4/5/2020 13:23
546,Yossi91,3,4,3,5,3,2,2,5,3,2,2,2,4,4,5,4,3,5,3,4,3,4,4,4,No problems,4/5/2020 13:21
547,Yossi92,5,4,4,3,2,3,2,2,5,3,3,5,2,3,3,5,3,3,4,4,2,3,3,4,No problems,4/5/2020 13:19
548,Yossi93,3,4,4,4,4,5,4,3,3,5,4,3,3,3,4,4,3,4,3,4,5,5,3,3,No problems,4/5/2020 13:17
549,Yossi94,4,5,2,4,5,2,3,5,4,3,3,4,4,4,4,2,5,4,3,4,2,4,4,3,No problems,4/5/2020 13:15
550,Yossi95,5,5,5,5,2,4,2,3,3,5,4,3,5,4,3,2,3,2,3,5,2,5,4,2,No problems,4/5/2020 13:13
551,Yossi96,3,5,3,3,4,4,3,2,4,5,4,5,2,4,4,4,4,2,3,5,2,4,3,5,No problems,4/5/2020 13:11
552,Yossi97,4,3,2,3,2,3,4,4,4,5,4,2,2,3,4,4,3,5,4,5,4,3,5,3,No problems,4/5/2020 13:09
553,Yossi98,2,4,4,4,5,4,3,4,3,4,3,3,4,2,3,4,4,2,2,3,4,4,3,3,No problems,4/5/2020 13:07
554,Yossi99,3,3,3,3,4,4,4,5,5,3,4,4,3,4,2,2,3,4,4,3,4,3,4,4,No problems,4/5/2020 13:05
555,Yossi100,3,5,3,4,2,3,5,4,3,5,2,5,3,3,3,5,5,3,2,4,5,3,3,3,No problems,4/5/2020 13:03
556,Yossi101,4,4,3,4,4,2,5,2,4,3,3,5,3,4,3,3,4,4,3,3,2,3,4,3,No problems,4/5/2020 13:01
557,Yossi102,5,3,3,5,4,4,5,3,5,4,2,4,3,3,4,3,4,3,2,4,3,5,4,4,No problems,4/5/2020 12:59
558,Yossi103,3,5,4,5,4,3,3,2,4,3,3,3,3,3,3,3,3,3,3,4,4,4,5,2,No problems,4/5/2020 12:57
559,Yossi104,3,3,3,5,2,4,5,3,4,4,3,3,3,4,2,4,4,2,2,2,2,4,4,4,No problems,4/5/2020 12:55
560,Yossi105,4,4,3,5,2,4,2,3,4,2,3,4,5,3,4,3,3,3,5,4,3,2,4,4,No problems,4/5/2020 12:53
561,Yossi106,4,3,4,2,5,4,2,4,3,2,5,3,4,5,4,3,3,4,3,4,2,2,4,2,No problems,4/5/2020 12:51
562,Yossi107,2,3,2,4,4,3,3,3,3,2,3,3,2,3,4,5,4,4,5,5,5,4,3,3,No problems,4/5/2020 12:49
563,Yossi108,3,5,4,3,3,3,2,4,4,2,4,3,2,4,4,4,5,2,4,4,5,2,2,4,No problems,4/5/2020 12:47
564,Yossi109,4,4,3,4,3,2,4,5,3,4,2,5,3,3,3,3,2,3,3,4,3,2,5,4,No problems,4/5/2020 12:45
565,Yossi110,4,5,4,5,4,3,3,4,4,5,5,4,4,2,5,3,4,3,2,2,3,3,5,4,No problems,4/5/2020 12:43
566,Yossi2,3,1,5,4,2,2,4,5,4,4,3,2,3,2,1,4,2,2,2,5,5,3,3,3,No problems,5/5/2020 11:42
567,Yossi3,1,3,2,3,2,2,2,5,5,2,4,5,4,2,3,3,4,3,3,4,2,3,2,2,No problems,4/5/2020 16:17
568,Yossi4,2,2,1,2,1,2,3,1,2,2,2,2,1,2,3,2,1,3,2,2,1,1,2,2,No problems,4/5/2020 16:15
569,Yossi5,2,3,3,2,2,2,2,2,2,1,2,2,2,3,1,3,3,1,1,1,1,2,2,2,No problems,4/5/2020 16:13
570,Yossi6,2,3,2,2,2,1,1,2,1,2,3,2,2,2,2,1,2,1,1,1,2,1,2,2,No problems,4/5/2020 16:11
571,Yossi7,1,2,2,3,2,3,3,2,1,2,3,1,1,1,3,2,2,2,2,2,3,2,2,2,No problems,4/5/2020 16:09
572,Yossi8,2,2,2,2,3,2,3,2,2,2,2,2,2,2,2,2,2,3,3,3,3,2,3,2,No problems,4/5/2020 16:07
573,Yossi9,2,2,3,2,3,2,1,2,1,1,2,3,2,1,2,2,3,3,2,2,2,2,1,3,No problems,4/5/2020 16:05
574,Yossi10,1,2,2,3,1,1,2,2,2,2,1,2,2,2,1,2,3,2,1,2,1,2,2,2,No problems,4/5/2020 16:03
575,Yossi11,3,2,1,2,3,1,3,2,3,3,2,1,2,2,3,2,2,1,2,2,1,2,2,1,No problems,4/5/2020 16:01
576,Yossi12,1,3,1,2,1,1,2,3,1,3,1,3,2,3,2,2,2,2,1,2,1,2,3,2,No problems,4/5/2020 15:59
577,Yossi13,3,2,3,1,3,1,2,1,2,3,2,3,2,2,1,3,2,1,2,2,2,2,3,2,No problems,4/5/2020 15:57
578,Yossi14,3,2,3,2,1,3,2,1,1,1,2,1,3,2,2,1,2,1,3,3,3,1,2,2,No problems,4/5/2020 15:55
579,Yossi15,3,2,3,2,3,3,2,3,2,2,3,3,1,1,2,1,1,2,3,2,2,1,3,2,No problems,4/5/2020 15:53
580,Yossi16,1,2,2,2,3,2,2,2,1,3,2,3,2,2,2,1,2,3,1,2,2,2,3,3,No problems,4/5/2020 15:51
581,Yossi17,1,1,2,1,2,2,3,2,3,2,1,3,2,1,2,2,1,1,1,3,1,3,2,1,No problems,4/5/2020 15:49
582,Yossi18,2,2,1,2,2,2,2,3,2,3,2,2,2,2,1,2,2,2,1,2,2,2,1,3,No problems,4/5/2020 15:47
583,Yossi19,2,1,3,1,1,1,2,1,2,3,2,3,3,2,2,1,1,3,2,2,2,3,2,3,No problems,4/5/2020 15:45
584,Yossi20,1,1,1,2,2,2,2,2,1,2,1,1,3,3,2,1,1,1,2,3,3,2,2,2,No problems,4/5/2020 15:43
585,Yossi21,2,2,3,2,1,3,2,2,3,2,2,2,2,2,2,2,2,2,3,1,3,2,2,3,No problems,4/5/2020 15:41
586,Yossi22,2,2,3,1,3,1,2,2,2,1,1,2,2,2,2,2,2,2,2,2,2,2,1,3,No problems,4/5/2020 15:39
587,Yossi23,2,2,2,3,1,1,1,2,2,1,2,3,2,2,2,1,1,2,1,3,3,1,2,2,No problems,4/5/2020 15:37
588,Yossi24,1,1,1,2,3,1,2,2,2,3,3,1,3,2,1,2,1,3,2,2,3,2,2,2,No problems,4/5/2020 15:35
589,Yossi25,2,1,2,3,2,2,1,2,2,3,2,3,2,1,3,1,1,2,1,2,2,2,2,3,No problems,4/5/2020 15:33
590,Yossi26,2,3,2,1,2,2,2,1,3,1,2,1,2,2,3,1,2,3,1,2,3,2,3,2,No problems,4/5/2020 15:31
591,Yossi27,2,2,2,2,3,3,2,1,2,3,2,1,2,2,1,1,1,3,2,1,2,3,1,1,No problems,4/5/2020 15:29
592,Yossi28,2,3,1,1,3,1,2,1,2,3,2,2,2,2,2,2,1,2,2,2,3,2,1,2,No problems,4/5/2020 15:27
593,Yossi29,2,2,3,2,1,2,1,2,1,3,2,1,2,2,2,2,2,1,2,2,3,1,1,2,No problems,4/5/2020 15:25
594,Yossi30,3,2,1,1,3,3,2,3,3,2,3,3,1,3,3,3,2,2,2,2,3,3,1,3,No problems,4/5/2020 15:23
595,Yossi31,2,2,1,3,1,1,2,2,2,2,3,1,2,1,1,2,1,1,1,1,2,2,2,1,No problems,4/5/2020 15:21
596,Yossi32,3,1,2,2,1,3,1,2,2,2,2,2,2,1,3,2,1,3,2,3,1,3,1,1,No problems,4/5/2020 15:19
597,Yossi33,2,3,2,3,2,2,2,1,2,2,2,2,2,2,3,2,2,3,2,3,1,2,2,2,No problems,4/5/2020 15:17
598,Yossi34,3,3,2,2,1,1,2,1,2,2,2,2,2,1,1,1,3,2,2,3,3,2,3,2,No problems,4/5/2020 15:15
599,Yossi35,1,1,2,2,2,2,1,2,3,1,2,3,2,1,2,2,2,1,2,3,1,2,1,2,No problems,4/5/2020 15:13
600,Yossi36,3,2,2,2,3,2,2,3,1,2,1,2,2,3,2,3,2,2,3,3,1,2,1,1,No problems,4/5/2020 15:11
601,Yossi37,2,2,2,2,3,3,2,2,2,1,1,2,1,2,1,2,3,2,1,3,1,1,2,2,No problems,4/5/2020 15:09
602,Yossi38,2,3,3,2,2,3,1,2,2,1,3,2,1,2,1,2,1,2,2,3,3,2,1,2,No problems,4/5/2020 15:07
603,Yossi39,2,3,1,2,2,1,2,2,2,3,2,3,3,3,1,3,2,1,3,3,2,3,3,1,No problems,4/5/2020 15:05
604,Yossi40,3,2,2,3,3,1,1,2,2,3,2,3,2,1,1,1,1,2,1,1,2,2,2,1,No problems,4/5/2020 15:03
605,Yossi41,1,2,2,1,2,3,1,2,2,2,3,3,1,1,2,3,1,1,2,3,1,2,2,1,No problems,4/5/2020 15:01
606,Yossi42,1,1,2,2,2,2,3,3,2,1,2,2,2,3,2,1,1,2,3,3,2,2,2,2,No problems,4/5/2020 14:59
607,Yossi43,2,2,2,2,3,3,2,2,3,1,2,2,2,3,2,2,3,2,2,1,3,2,3,2,No problems,4/5/2020 14:57
608,Yossi44,2,3,3,2,2,1,1,3,2,2,2,2,2,2,3,2,3,2,3,2,2,2,2,3,No problems,4/5/2020 14:55
609,Yossi45,3,2,2,3,3,2,2,2,2,1,2,2,2,3,3,2,3,2,1,3,1,1,1,2,No problems,4/5/2020 14:53
610,Yossi46,2,1,3,2,3,2,2,2,2,3,1,2,2,2,1,2,2,2,2,3,2,2,3,1,No problems,4/5/2020 14:51
611,Yossi47,3,2,1,1,1,1,2,3,3,2,2,3,3,1,1,2,2,2,1,3,3,2,3,2,No problems,4/5/2020 14:49
612,Yossi48,3,3,3,3,3,3,2,2,3,3,2,2,3,2,3,3,4,2,4,4,3,3,2,3,No problems,4/5/2020 14:47
613,Yossi49,3,3,4,3,2,4,2,3,3,3,3,3,3,3,3,2,4,3,3,3,2,3,3,2,No problems,4/5/2020 14:45
614,Yossi50,3,4,2,4,3,4,2,4,3,3,3,3,2,3,2,3,3,3,2,3,3,2,3,3,No problems,4/5/2020 14:43
615,Yossi51,3,3,4,4,3,2,3,3,3,2,4,3,2,4,2,3,3,3,3,4,3,4,3,3,No problems,4/5/2020 14:41
616,Yossi52,2,2,3,2,3,4,2,2,4,4,3,4,4,3,4,2,4,4,2,2,3,2,4,3,No problems,4/5/2020 14:39
617,Yossi53,3,3,3,2,3,4,3,3,4,3,3,2,4,3,3,4,2,4,2,4,3,3,3,2,No problems,4/5/2020 14:37
618,Yossi54,2,3,3,2,2,2,3,3,2,4,4,4,3,4,4,4,3,3,2,2,4,3,3,3,No problems,4/5/2020 14:35
619,Yossi55,3,3,3,3,3,4,3,3,3,3,4,2,3,4,2,3,3,2,3,3,4,4,3,4,No problems,4/5/2020 14:33
620,Yossi56,4,3,2,3,4,3,4,3,3,4,2,4,3,4,2,3,4,3,3,2,4,3,4,2,No problems,4/5/2020 14:31
621,Yossi57,2,2,3,4,3,4,3,3,4,3,2,3,2,3,2,4,3,2,2,2,4,4,3,3,No problems,4/5/2020 14:29
622,Yossi58,3,3,3,4,3,4,3,4,2,2,3,4,3,3,4,3,3,4,2,2,4,3,4,4,No problems,4/5/2020 14:27
623,Yossi59,3,3,3,3,3,2,3,3,2,3,3,2,2,2,4,3,3,3,3,3,4,2,3,3,No problems,4/5/2020 14:25
624,Yossi60,2,3,2,3,2,4,2,2,4,4,3,3,4,4,3,2,2,3,3,3,3,2,2,2,No problems,4/5/2020 14:23
625,Yossi61,2,4,2,4,3,3,2,2,3,4,4,3,4,3,4,4,2,3,4,4,3,3,4,4,No problems,4/5/2020 14:21
626,Yossi62,3,2,3,3,3,3,3,4,3,2,2,2,3,2,2,3,3,2,2,3,3,4,3,2,No problems,4/5/2020 14:19
627,Yossi63,2,4,4,4,3,4,3,3,3,3,2,2,3,2,4,3,3,4,3,3,2,3,3,2,No problems,4/5/2020 14:17
628,Yossi64,4,3,2,2,2,2,2,2,4,4,4,3,4,3,2,4,3,3,2,4,3,3,2,4,No problems,4/5/2020 14:15
629,Yossi65,3,4,3,4,3,2,4,2,2,4,4,3,3,3,2,2,4,2,3,4,2,4,2,3,No problems,4/5/2020 14:13
630,Yossi66,2,2,3,2,3,3,3,3,4,3,3,3,3,3,4,3,3,4,4,2,2,2,3,3,No problems,4/5/2020 14:11
631,Yossi67,3,3,3,4,4,3,3,3,3,4,3,4,2,2,2,2,3,3,3,3,3,3,2,4,No problems,4/5/2020 14:09
632,Yossi68,2,2,2,4,4,3,3,3,4,3,3,4,2,3,3,2,4,4,3,3,2,4,3,3,No problems,4/5/2020 14:07
633,Yossi69,3,4,2,3,3,2,4,4,3,4,4,4,3,2,3,3,3,3,4,4,2,4,4,3,No problems,4/5/2020 14:05
634,Yossi70,3,4,2,3,3,2,3,3,2,2,2,3,2,3,3,3,3,3,3,2,3,3,4,2,No problems,4/5/2020 14:03
635,Yossi71,3,4,2,2,3,3,3,4,2,4,3,3,3,2,3,2,3,2,2,4,3,2,4,2,No problems,4/5/2020 14:01
636,Yossi72,2,3,3,3,2,3,2,4,3,3,2,4,3,2,4,2,3,3,3,3,3,4,3,4,No problems,4/5/2020 13:59
637,Yossi73,2,2,3,3,3,3,4,2,4,3,3,3,3,4,3,4,3,4,3,2,3,3,3,3,No problems,4/5/2020 13:57
638,Yossi74,3,3,4,3,2,4,4,2,4,2,2,3,3,3,2,3,3,4,4,2,3,2,3,4,No problems,4/5/2020 13:55
639,Yossi75,4,3,3,4,3,3,3,3,3,4,2,3,3,4,3,3,3,3,3,2,3,4,3,3,No problems,4/5/2020 13:53
640,Yossi76,2,2,3,4,3,4,4,2,3,3,2,3,3,4,4,2,2,4,2,4,3,3,2,2,No problems,4/5/2020 13:51
641,Yossi77,2,3,3,2,4,2,4,4,2,2,3,3,2,3,2,4,3,2,3,2,3,3,3,2,No problems,4/5/2020 13:49
642,Yossi78,3,3,4,3,3,3,2,3,3,3,3,4,4,3,3,4,4,4,4,4,2,3,3,2,No problems,4/5/2020 13:47
643,Yossi79,2,3,3,2,2,3,3,3,3,3,3,3,3,3,3,4,4,3,3,4,3,4,3,3,No problems,4/5/2020 13:45
644,Yossi80,2,3,4,3,4,4,3,4,3,2,3,2,2,3,2,4,3,3,3,3,3,2,3,4,No problems,4/5/2020 13:43
645,Yossi81,4,3,4,3,4,4,3,3,3,4,3,3,4,2,2,4,3,3,2,2,3,2,3,3,No problems,4/5/2020 13:41
646,Yossi82,2,3,2,3,4,2,4,3,3,3,2,4,2,3,4,3,2,2,3,2,3,3,4,2,No problems,4/5/2020 13:39
647,Yossi83,2,3,4,2,2,3,3,3,3,4,3,4,2,4,2,3,3,2,3,3,3,2,3,3,No problems,4/5/2020 13:37
648,Yossi84,3,3,3,3,4,3,3,4,2,3,3,3,3,3,2,3,3,2,3,3,4,4,2,4,No problems,4/5/2020 13:35
649,Yossi85,3,3,4,2,2,3,2,4,3,3,4,3,2,3,4,4,4,4,2,4,4,3,2,3,No problems,4/5/2020 13:33
650,Yossi86,4,4,3,4,2,4,3,3,3,2,4,3,3,3,3,3,3,3,4,2,2,3,3,3,No problems,4/5/2020 13:31
651,Yossi87,2,4,3,3,3,3,3,4,3,3,2,3,3,3,3,2,2,3,4,2,3,3,2,3,No problems,4/5/2020 13:29
652,Yossi88,4,4,4,3,3,4,3,2,4,2,4,3,3,3,3,3,4,3,4,4,3,2,2,3,No problems,4/5/2020 13:27
653,Yossi89,2,3,4,4,2,3,2,3,4,2,3,4,2,3,3,3,4,3,2,4,3,4,3,4,No problems,4/5/2020 13:25
654,Yossi90,5,4,4,4,3,5,4,3,4,3,3,3,4,5,2,4,3,2,2,3,5,5,5,4,No problems,4/5/2020 13:23
655,Yossi91,3,4,3,5,3,2,2,5,3,2,2,2,4,4,5,4,3,5,3,4,3,4,4,4,No problems,4/5/2020 13:21
656,Yossi92,5,4,4,3,2,3,2,2,5,3,3,5,2,3,3,5,3,3,4,4,2,3,3,4,No problems,4/5/2020 13:19
657,Yossi93,3,4,4,4,4,5,4,3,3,5,4,3,3,3,4,4,3,4,3,4,5,5,3,3,No problems,4/5/2020 13:17
658,Yossi94,4,5,2,4,5,2,3,5,4,3,3,4,4,4,4,2,5,4,3,4,2,4,4,3,No problems,4/5/2020 13:15
659,Yossi95,5,5,5,5,2,4,2,3,3,5,4,3,5,4,3,2,3,2,3,5,2,5,4,2,No problems,4/5/2020 13:13
660,Yossi96,3,5,3,3,4,4,3,2,4,5,4,5,2,4,4,4,4,2,3,5,2,4,3,5,No problems,4/5/2020 13:11
661,Yossi97,4,3,2,3,2,3,4,4,4,5,4,2,2,3,4,4,3,5,4,5,4,3,5,3,No problems,4/5/2020 13:09
662,Yossi98,2,4,4,4,5,4,3,4,3,4,3,3,4,2,3,4,4,2,2,3,4,4,3,3,No problems,4/5/2020 13:07
663,Yossi99,3,3,3,3,4,4,4,5,5,3,4,4,3,4,2,2,3,4,4,3,4,3,4,4,No problems,4/5/2020 13:05
664,Yossi100,3,5,3,4,2,3,5,4,3,5,2,5,3,3,3,5,5,3,2,4,5,3,3,3,No problems,4/5/2020 13:03
665,Yossi101,4,4,3,4,4,2,5,2,4,3,3,5,3,4,3,3,4,4,3,3,2,3,4,3,No problems,4/5/2020 13:01
666,Yossi102,5,3,3,5,4,4,5,3,5,4,2,4,3,3,4,3,4,3,2,4,3,5,4,4,No problems,4/5/2020 12:59
667,Yossi103,3,5,4,5,4,3,3,2,4,3,3,3,3,3,3,3,3,3,3,4,4,4,5,2,No problems,4/5/2020 12:57
668,Yossi104,3,3,3,5,2,4,5,3,4,4,3,3,3,4,2,4,4,2,2,2,2,4,4,4,No problems,4/5/2020 12:55
669,Yossi105,4,4,3,5,2,4,2,3,4,2,3,4,5,3,4,3,3,3,5,4,3,2,4,4,No problems,4/5/2020 12:53
670,Yossi106,4,3,4,2,5,4,2,4,3,2,5,3,4,5,4,3,3,4,3,4,2,2,4,2,No problems,4/5/2020 12:51
671,Yossi107,2,3,2,4,4,3,3,3,3,2,3,3,2,3,4,5,4,4,5,5,5,4,3,3,No problems,4/5/2020 12:49
672,Yossi108,3,5,4,3,3,3,2,4,4,2,4,3,2,4,4,4,5,2,4,4,5,2,2,4,No problems,4/5/2020 12:47
673,Yossi109,4,4,3,4,3,2,4,5,3,4,2,5,3,3,3,3,2,3,3,4,3,2,5,4,No problems,4/5/2020 12:45
674,Yossi110,4,5,4,5,4,3,3,4,4,5,5,4,4,2,5,3,4,3,2,2,3,3,5,4,No problems,4/5/2020 12:43
675,Yossi2,3,1,5,4,2,2,4,5,4,4,3,2,3,2,1,4,2,2,2,5,5,3,3,3,No problems,5/5/2020 11:42
676,Yossi3,1,3,2,3,2,2,2,5,5,2,4,5,4,2,3,3,4,3,3,4,2,3,2,2,No problems,4/5/2020 16:17
677,Yossi4,2,2,1,2,1,2,3,1,2,2,2,2,1,2,3,2,1,3,2,2,1,1,2,2,No problems,4/5/2020 16:15
678,Yossi5,2,3,3,2,2,2,2,2,2,1,2,2,2,3,1,3,3,1,1,1,1,2,2,2,No problems,4/5/2020 16:13
679,Yossi6,2,3,2,2,2,1,1,2,1,2,3,2,2,2,2,1,2,1,1,1,2,1,2,2,No problems,4/5/2020 16:11
680,Yossi7,1,2,2,3,2,3,3,2,1,2,3,1,1,1,3,2,2,2,2,2,3,2,2,2,No problems,4/5/2020 16:09
681,Yossi8,2,2,2,2,3,2,3,2,2,2,2,2,2,2,2,2,2,3,3,3,3,2,3,2,No problems,4/5/2020 16:07
682,Yossi9,2,2,3,2,3,2,1,2,1,1,2,3,2,1,2,2,3,3,2,2,2,2,1,3,No problems,4/5/2020 16:05
683,Yossi10,1,2,2,3,1,1,2,2,2,2,1,2,2,2,1,2,3,2,1,2,1,2,2,2,No problems,4/5/2020 16:03
684,Yossi11,3,2,1,2,3,1,3,2,3,3,2,1,2,2,3,2,2,1,2,2,1,2,2,1,No problems,4/5/2020 16:01
685,Yossi12,1,3,1,2,1,1,2,3,1,3,1,3,2,3,2,2,2,2,1,2,1,2,3,2,No problems,4/5/2020 15:59
686,Yossi13,3,2,3,1,3,1,2,1,2,3,2,3,2,2,1,3,2,1,2,2,2,2,3,2,No problems,4/5/2020 15:57
687,Yossi14,3,2,3,2,1,3,2,1,1,1,2,1,3,2,2,1,2,1,3,3,3,1,2,2,No problems,4/5/2020 15:55
688,Yossi15,3,2,3,2,3,3,2,3,2,2,3,3,1,1,2,1,1,2,3,2,2,1,3,2,No problems,4/5/2020 15:53
689,Yossi16,1,2,2,2,3,2,2,2,1,3,2,3,2,2,2,1,2,3,1,2,2,2,3,3,No problems,4/5/2020 15:51
690,Yossi17,1,1,2,1,2,2,3,2,3,2,1,3,2,1,2,2,1,1,1,3,1,3,2,1,No problems,4/5/2020 15:49
691,Yossi18,2,2,1,2,2,2,2,3,2,3,2,2,2,2,1,2,2,2,1,2,2,2,1,3,No problems,4/5/2020 15:47
692,Yossi19,2,1,3,1,1,1,2,1,2,3,2,3,3,2,2,1,1,3,2,2,2,3,2,3,No problems,4/5/2020 15:45
693,Yossi20,1,1,1,2,2,2,2,2,1,2,1,1,3,3,2,1,1,1,2,3,3,2,2,2,No problems,4/5/2020 15:43
694,Yossi21,2,2,3,2,1,3,2,2,3,2,2,2,2,2,2,2,2,2,3,1,3,2,2,3,No problems,4/5/2020 15:41
695,Yossi22,2,2,3,1,3,1,2,2,2,1,1,2,2,2,2,2,2,2,2,2,2,2,1,3,No problems,4/5/2020 15:39
696,Yossi23,2,2,2,3,1,1,1,2,2,1,2,3,2,2,2,1,1,2,1,3,3,1,2,2,No problems,4/5/2020 15:37
697,Yossi24,1,1,1,2,3,1,2,2,2,3,3,1,3,2,1,2,1,3,2,2,3,2,2,2,No problems,4/5/2020 15:35
698,Yossi25,2,1,2,3,2,2,1,2,2,3,2,3,2,1,3,1,1,2,1,2,2,2,2,3,No problems,4/5/2020 15:33
699,Yossi26,2,3,2,1,2,2,2,1,3,1,2,1,2,2,3,1,2,3,1,2,3,2,3,2,No problems,4/5/2020 15:31
700,Yossi27,2,2,2,2,3,3,2,1,2,3,2,1,2,2,1,1,1,3,2,1,2,3,1,1,No problems,4/5/2020 15:29
701,Yossi28,2,3,1,1,3,1,2,1,2,3,2,2,2,2,2,2,1,2,2,2,3,2,1,2,No problems,4/5/2020 15:27
702,Yossi29,2,2,3,2,1,2,1,2,1,3,2,1,2,2,2,2,2,1,2,2,3,1,1,2,No problems,4/5/2020 15:25
703,Yossi30,3,2,1,1,3,3,2,3,3,2,3,3,1,3,3,3,2,2,2,2,3,3,1,3,No problems,4/5/2020 15:23
704,Yossi31,2,2,1,3,1,1,2,2,2,2,3,1,2,1,1,2,1,1,1,1,2,2,2,1,No problems,4/5/2020 15:21
705,Yossi32,3,1,2,2,1,3,1,2,2,2,2,2,2,1,3,2,1,3,2,3,1,3,1,1,No problems,4/5/2020 15:19
706,Yossi33,2,3,2,3,2,2,2,1,2,2,2,2,2,2,3,2,2,3,2,3,1,2,2,2,No problems,4/5/2020 15:17
707,Yossi34,3,3,2,2,1,1,2,1,2,2,2,2,2,1,1,1,3,2,2,3,3,2,3,2,No problems,4/5/2020 15:15
708,Yossi35,1,1,2,2,2,2,1,2,3,1,2,3,2,1,2,2,2,1,2,3,1,2,1,2,No problems,4/5/2020 15:13
709,Yossi36,3,2,2,2,3,2,2,3,1,2,1,2,2,3,2,3,2,2,3,3,1,2,1,1,No problems,4/5/2020 15:11
710,Yossi37,2,2,2,2,3,3,2,2,2,1,1,2,1,2,1,2,3,2,1,3,1,1,2,2,No problems,4/5/2020 15:09
711,Yossi38,2,3,3,2,2,3,1,2,2,1,3,2,1,2,1,2,1,2,2,3,3,2,1,2,No problems,4/5/2020 15:07
712,Yossi39,2,3,1,2,2,1,2,2,2,3,2,3,3,3,1,3,2,1,3,3,2,3,3,1,No problems,4/5/2020 15:05
713,Yossi40,3,2,2,3,3,1,1,2,2,3,2,3,2,1,1,1,1,2,1,1,2,2,2,1,No problems,4/5/2020 15:03
714,Yossi41,1,2,2,1,2,3,1,2,2,2,3,3,1,1,2,3,1,1,2,3,1,2,2,1,No problems,4/5/2020 15:01
715,Yossi42,1,1,2,2,2,2,3,3,2,1,2,2,2,3,2,1,1,2,3,3,2,2,2,2,No problems,4/5/2020 14:59
716,Yossi43,2,2,2,2,3,3,2,2,3,1,2,2,2,3,2,2,3,2,2,1,3,2,3,2,No problems,4/5/2020 14:57
717,Yossi44,2,3,3,2,2,1,1,3,2,2,2,2,2,2,3,2,3,2,3,2,2,2,2,3,No problems,4/5/2020 14:55
718,Yossi45,3,2,2,3,3,2,2,2,2,1,2,2,2,3,3,2,3,2,1,3,1,1,1,2,No problems,4/5/2020 14:53
719,Yossi46,2,1,3,2,3,2,2,2,2,3,1,2,2,2,1,2,2,2,2,3,2,2,3,1,No problems,4/5/2020 14:51
720,Yossi47,3,2,1,1,1,1,2,3,3,2,2,3,3,1,1,2,2,2,1,3,3,2,3,2,No problems,4/5/2020 14:49
721,Yossi48,3,3,3,3,3,3,2,2,3,3,2,2,3,2,3,3,4,2,4,4,3,3,2,3,No problems,4/5/2020 14:47
722,Yossi49,3,3,4,3,2,4,2,3,3,3,3,3,3,3,3,2,4,3,3,3,2,3,3,2,No problems,4/5/2020 14:45
723,Yossi50,3,4,2,4,3,4,2,4,3,3,3,3,2,3,2,3,3,3,2,3,3,2,3,3,No problems,4/5/2020 14:43
724,Yossi51,3,3,4,4,3,2,3,3,3,2,4,3,2,4,2,3,3,3,3,4,3,4,3,3,No problems,4/5/2020 14:41
725,Yossi52,2,2,3,2,3,4,2,2,4,4,3,4,4,3,4,2,4,4,2,2,3,2,4,3,No problems,4/5/2020 14:39
726,Yossi53,3,3,3,2,3,4,3,3,4,3,3,2,4,3,3,4,2,4,2,4,3,3,3,2,No problems,4/5/2020 14:37
727,Yossi54,2,3,3,2,2,2,3,3,2,4,4,4,3,4,4,4,3,3,2,2,4,3,3,3,No problems,4/5/2020 14:35
728,Yossi55,3,3,3,3,3,4,3,3,3,3,4,2,3,4,2,3,3,2,3,3,4,4,3,4,No problems,4/5/2020 14:33
729,Yossi56,4,3,2,3,4,3,4,3,3,4,2,4,3,4,2,3,4,3,3,2,4,3,4,2,No problems,4/5/2020 14:31
730,Yossi57,2,2,3,4,3,4,3,3,4,3,2,3,2,3,2,4,3,2,2,2,4,4,3,3,No problems,4/5/2020 14:29
731,Yossi58,3,3,3,4,3,4,3,4,2,2,3,4,3,3,4,3,3,4,2,2,4,3,4,4,No problems,4/5/2020 14:27
732,Yossi59,3,3,3,3,3,2,3,3,2,3,3,2,2,2,4,3,3,3,3,3,4,2,3,3,No problems,4/5/2020 14:25
733,Yossi60,2,3,2,3,2,4,2,2,4,4,3,3,4,4,3,2,2,3,3,3,3,2,2,2,No problems,4/5/2020 14:23
734,Yossi61,2,4,2,4,3,3,2,2,3,4,4,3,4,3,4,4,2,3,4,4,3,3,4,4,No problems,4/5/2020 14:21
735,Yossi62,3,2,3,3,3,3,3,4,3,2,2,2,3,2,2,3,3,2,2,3,3,4,3,2,No problems,4/5/2020 14:19
736,Yossi63,2,4,4,4,3,4,3,3,3,3,2,2,3,2,4,3,3,4,3,3,2,3,3,2,No problems,4/5/2020 14:17
737,Yossi64,4,3,2,2,2,2,2,2,4,4,4,3,4,3,2,4,3,3,2,4,3,3,2,4,No problems,4/5/2020 14:15
738,Yossi65,3,4,3,4,3,2,4,2,2,4,4,3,3,3,2,2,4,2,3,4,2,4,2,3,No problems,4/5/2020 14:13
739,Yossi66,2,2,3,2,3,3,3,3,4,3,3,3,3,3,4,3,3,4,4,2,2,2,3,3,No problems,4/5/2020 14:11
740,Yossi67,3,3,3,4,4,3,3,3,3,4,3,4,2,2,2,2,3,3,3,3,3,3,2,4,No problems,4/5/2020 14:09
741,Yossi68,2,2,2,4,4,3,3,3,4,3,3,4,2,3,3,2,4,4,3,3,2,4,3,3,No problems,4/5/2020 14:07
742,Yossi69,3,4,2,3,3,2,4,4,3,4,4,4,3,2,3,3,3,3,4,4,2,4,4,3,No problems,4/5/2020 14:05
743,Yossi70,3,4,2,3,3,2,3,3,2,2,2,3,2,3,3,3,3,3,3,2,3,3,4,2,No problems,4/5/2020 14:03
744,Yossi71,3,4,2,2,3,3,3,4,2,4,3,3,3,2,3,2,3,2,2,4,3,2,4,2,No problems,4/5/2020 14:01
745,Yossi72,2,3,3,3,2,3,2,4,3,3,2,4,3,2,4,2,3,3,3,3,3,4,3,4,No problems,4/5/2020 13:59
746,Yossi73,2,2,3,3,3,3,4,2,4,3,3,3,3,4,3,4,3,4,3,2,3,3,3,3,No problems,4/5/2020 13:57
747,Yossi74,3,3,4,3,2,4,4,2,4,2,2,3,3,3,2,3,3,4,4,2,3,2,3,4,No problems,4/5/2020 13:55
748,Yossi75,4,3,3,4,3,3,3,3,3,4,2,3,3,4,3,3,3,3,3,2,3,4,3,3,No problems,4/5/2020 13:53
749,Yossi76,2,2,3,4,3,4,4,2,3,3,2,3,3,4,4,2,2,4,2,4,3,3,2,2,No problems,4/5/2020 13:51
750,Yossi77,2,3,3,2,4,2,4,4,2,2,3,3,2,3,2,4,3,2,3,2,3,3,3,2,No problems,4/5/2020 13:49
751,Yossi78,3,3,4,3,3,3,2,3,3,3,3,4,4,3,3,4,4,4,4,4,2,3,3,2,No problems,4/5/2020 13:47
752,Yossi79,2,3,3,2,2,3,3,3,3,3,3,3,3,3,3,4,4,3,3,4,3,4,3,3,No problems,4/5/2020 13:45
753,Yossi80,2,3,4,3,4,4,3,4,3,2,3,2,2,3,2,4,3,3,3,3,3,2,3,4,No problems,4/5/2020 13:43
754,Yossi81,4,3,4,3,4,4,3,3,3,4,3,3,4,2,2,4,3,3,2,2,3,2,3,3,No problems,4/5/2020 13:41
755,Yossi82,2,3,2,3,4,2,4,3,3,3,2,4,2,3,4,3,2,2,3,2,3,3,4,2,No problems,4/5/2020 13:39
756,Yossi83,2,3,4,2,2,3,3,3,3,4,3,4,2,4,2,3,3,2,3,3,3,2,3,3,No problems,4/5/2020 13:37
757,Yossi84,3,3,3,3,4,3,3,4,2,3,3,3,3,3,2,3,3,2,3,3,4,4,2,4,No problems,4/5/2020 13:35
758,Yossi85,3,3,4,2,2,3,2,4,3,3,4,3,2,3,4,4,4,4,2,4,4,3,2,3,No problems,4/5/2020 13:33
759,Yossi86,4,4,3,4,2,4,3,3,3,2,4,3,3,3,3,3,3,3,4,2,2,3,3,3,No problems,4/5/2020 13:31
760,Yossi87,2,4,3,3,3,3,3,4,3,3,2,3,3,3,3,2,2,3,4,2,3,3,2,3,No problems,4/5/2020 13:29
761,Yossi88,4,4,4,3,3,4,3,2,4,2,4,3,3,3,3,3,4,3,4,4,3,2,2,3,No problems,4/5/2020 13:27
762,Yossi89,2,3,4,4,2,3,2,3,4,2,3,4,2,3,3,3,4,3,2,4,3,4,3,4,No problems,4/5/2020 13:25
763,Yossi90,5,4,4,4,3,5,4,3,4,3,3,3,4,5,2,4,3,2,2,3,5,5,5,4,No problems,4/5/2020 13:23
764,Yossi91,3,4,3,5,3,2,2,5,3,2,2,2,4,4,5,4,3,5,3,4,3,4,4,4,No problems,4/5/2020 13:21
765,Yossi92,5,4,4,3,2,3,2,2,5,3,3,5,2,3,3,5,3,3,4,4,2,3,3,4,No problems,4/5/2020 13:19
766,Yossi93,3,4,4,4,4,5,4,3,3,5,4,3,3,3,4,4,3,4,3,4,5,5,3,3,No problems,4/5/2020 13:17
767,Yossi94,4,5,2,4,5,2,3,5,4,3,3,4,4,4,4,2,5,4,3,4,2,4,4,3,No problems,4/5/2020 13:15
768,Yossi95,5,5,5,5,2,4,2,3,3,5,4,3,5,4,3,2,3,2,3,5,2,5,4,2,No problems,4/5/2020 13:13
769,Yossi96,3,5,3,3,4,4,3,2,4,5,4,5,2,4,4,4,4,2,3,5,2,4,3,5,No problems,4/5/2020 13:11
770,Yossi97,4,3,2,3,2,3,4,4,4,5,4,2,2,3,4,4,3,5,4,5,4,3,5,3,No problems,4/5/2020 13:09
771,Yossi98,2,4,4,4,5,4,3,4,3,4,3,3,4,2,3,4,4,2,2,3,4,4,3,3,No problems,4/5/2020 13:07
772,Yossi99,3,3,3,3,4,4,4,5,5,3,4,4,3,4,2,2,3,4,4,3,4,3,4,4,No problems,4/5/2020 13:05
773,Yossi100,3,5,3,4,2,3,5,4,3,5,2,5,3,3,3,5,5,3,2,4,5,3,3,3,No problems,4/5/2020 13:03
774,Yossi101,4,4,3,4,4,2,5,2,4,3,3,5,3,4,3,3,4,4,3,3,2,3,4,3,No problems,4/5/2020 13:01
775,Yossi102,5,3,3,5,4,4,5,3,5,4,2,4,3,3,4,3,4,3,2,4,3,5,4,4,No problems,4/5/2020 12:59
776,Yossi103,3,5,4,5,4,3,3,2,4,3,3,3,3,3,3,3,3,3,3,4,4,4,5,2,No problems,4/5/2020 12:57
777,Yossi104,3,3,3,5,2,4,5,3,4,4,3,3,3,4,2,4,4,2,2,2,2,4,4,4,No problems,4/5/2020 12:55
778,Yossi105,4,4,3,5,2,4,2,3,4,2,3,4,5,3,4,3,3,3,5,4,3,2,4,4,No problems,4/5/2020 12:53
779,Yossi106,4,3,4,2,5,4,2,4,3,2,5,3,4,5,4,3,3,4,3,4,2,2,4,2,No problems,4/5/2020 12:51
780,Yossi107,2,3,2,4,4,3,3,3,3,2,3,3,2,3,4,5,4,4,5,5,5,4,3,3,No problems,4/5/2020 12:49
781,Yossi108,3,5,4,3,3,3,2,4,4,2,4,3,2,4,4,4,5,2,4,4,5,2,2,4,No problems,4/5/2020 12:47
782,Yossi109,4,4,3,4,3,2,4,5,3,4,2,5,3,3,3,3,2,3,3,4,3,2,5,4,No problems,4/5/2020 12:45
783,Yossi110,4,5,4,5,4,3,3,4,4,5,5,4,4,2,5,3,4,3,2,2,3,3,5,4,No problems,4/5/2020 12:43
784,Yossi2,3,1,5,4,2,2,4,5,4,4,3,2,3,2,1,4,2,2,2,5,5,3,3,3,No problems,5/5/2020 11:42
785,Yossi3,1,3,2,3,2,2,2,5,5,2,4,5,4,2,3,3,4,3,3,4,2,3,2,2,No problems,4/5/2020 16:17
786,Yossi4,2,2,1,2,1,2,3,1,2,2,2,2,1,2,3,2,1,3,2,2,1,1,2,2,No problems,4/5/2020 16:15
787,Yossi5,2,3,3,2,2,2,2,2,2,1,2,2,2,3,1,3,3,1,1,1,1,2,2,2,No problems,4/5/2020 16:13
788,Yossi6,2,3,2,2,2,1,1,2,1,2,3,2,2,2,2,1,2,1,1,1,2,1,2,2,No problems,4/5/2020 16:11
789,Yossi7,1,2,2,3,2,3,3,2,1,2,3,1,1,1,3,2,2,2,2,2,3,2,2,2,No problems,4/5/2020 16:09
790,Yossi8,2,2,2,2,3,2,3,2,2,2,2,2,2,2,2,2,2,3,3,3,3,2,3,2,No problems,4/5/2020 16:07
791,Yossi9,2,2,3,2,3,2,1,2,1,1,2,3,2,1,2,2,3,3,2,2,2,2,1,3,No problems,4/5/2020 16:05
792,Yossi10,1,2,2,3,1,1,2,2,2,2,1,2,2,2,1,2,3,2,1,2,1,2,2,2,No problems,4/5/2020 16:03
793,Yossi11,3,2,1,2,3,1,3,2,3,3,2,1,2,2,3,2,2,1,2,2,1,2,2,1,No problems,4/5/2020 16:01
794,Yossi12,1,3,1,2,1,1,2,3,1,3,1,3,2,3,2,2,2,2,1,2,1,2,3,2,No problems,4/5/2020 15:59
795,Yossi13,3,2,3,1,3,1,2,1,2,3,2,3,2,2,1,3,2,1,2,2,2,2,3,2,No problems,4/5/2020 15:57
796,Yossi14,3,2,3,2,1,3,2,1,1,1,2,1,3,2,2,1,2,1,3,3,3,1,2,2,No problems,4/5/2020 15:55
797,Yossi15,3,2,3,2,3,3,2,3,2,2,3,3,1,1,2,1,1,2,3,2,2,1,3,2,No problems,4/5/2020 15:53
798,Yossi16,1,2,2,2,3,2,2,2,1,3,2,3,2,2,2,1,2,3,1,2,2,2,3,3,No problems,4/5/2020 15:51
799,Yossi17,1,1,2,1,2,2,3,2,3,2,1,3,2,1,2,2,1,1,1,3,1,3,2,1,No problems,4/5/2020 15:49
800,Yossi18,2,2,1,2,2,2,2,3,2,3,2,2,2,2,1,2,2,2,1,2,2,2,1,3,No problems,4/5/2020 15:47
801,Yossi19,2,1,3,1,1,1,2,1,2,3,2,3,3,2,2,1,1,3,2,2,2,3,2,3,No problems,4/5/2020 15:45
802,Yossi20,1,1,1,2,2,2,2,2,1,2,1,1,3,3,2,1,1,1,2,3,3,2,2,2,No problems,4/5/2020 15:43
803,Yossi21,2,2,3,2,1,3,2,2,3,2,2,2,2,2,2,2,2,2,3,1,3,2,2,3,No problems,4/5/2020 15:41
804,Yossi22,2,2,3,1,3,1,2,2,2,1,1,2,2,2,2,2,2,2,2,2,2,2,1,3,No problems,4/5/2020 15:39
805,Yossi23,2,2,2,3,1,1,1,2,2,1,2,3,2,2,2,1,1,2,1,3,3,1,2,2,No problems,4/5/2020 15:37
806,Yossi24,1,1,1,2,3,1,2,2,2,3,3,1,3,2,1,2,1,3,2,2,3,2,2,2,No problems,4/5/2020 15:35
807,Yossi25,2,1,2,3,2,2,1,2,2,3,2,3,2,1,3,1,1,2,1,2,2,2,2,3,No problems,4/5/2020 15:33
808,Yossi26,2,3,2,1,2,2,2,1,3,1,2,1,2,2,3,1,2,3,1,2,3,2,3,2,No problems,4/5/2020 15:31
809,Yossi27,2,2,2,2,3,3,2,1,2,3,2,1,2,2,1,1,1,3,2,1,2,3,1,1,No problems,4/5/2020 15:29
810,Yossi28,2,3,1,1,3,1,2,1,2,3,2,2,2,2,2,2,1,2,2,2,3,2,1,2,No problems,4/5/2020 15:27
811,Yossi29,2,2,3,2,1,2,1,2,1,3,2,1,2,2,2,2,2,1,2,2,3,1,1,2,No problems,4/5/2020 15:25
812,Yossi30,3,2,1,1,3,3,2,3,3,2,3,3,1,3,3,3,2,2,2,2,3,3,1,3,No problems,4/5/2020 15:23
813,Yossi31,2,2,1,3,1,1,2,2,2,2,3,1,2,1,1,2,1,1,1,1,2,2,2,1,No problems,4/5/2020 15:21
814,Yossi32,3,1,2,2,1,3,1,2,2,2,2,2,2,1,3,2,1,3,2,3,1,3,1,1,No problems,4/5/2020 15:19
815,Yossi33,2,3,2,3,2,2,2,1,2,2,2,2,2,2,3,2,2,3,2,3,1,2,2,2,No problems,4/5/2020 15:17
816,Yossi34,3,3,2,2,1,1,2,1,2,2,2,2,2,1,1,1,3,2,2,3,3,2,3,2,No problems,4/5/2020 15:15
817,Yossi35,1,1,2,2,2,2,1,2,3,1,2,3,2,1,2,2,2,1,2,3,1,2,1,2,No problems,4/5/2020 15:13
818,Yossi36,3,2,2,2,3,2,2,3,1,2,1,2,2,3,2,3,2,2,3,3,1,2,1,1,No problems,4/5/2020 15:11
819,Yossi37,2,2,2,2,3,3,2,2,2,1,1,2,1,2,1,2,3,2,1,3,1,1,2,2,No problems,4/5/2020 15:09
820,Yossi38,2,3,3,2,2,3,1,2,2,1,3,2,1,2,1,2,1,2,2,3,3,2,1,2,No problems,4/5/2020 15:07
821,Yossi39,2,3,1,2,2,1,2,2,2,3,2,3,3,3,1,3,2,1,3,3,2,3,3,1,No problems,4/5/2020 15:05
822,Yossi40,3,2,2,3,3,1,1,2,2,3,2,3,2,1,1,1,1,2,1,1,2,2,2,1,No problems,4/5/2020 15:03
823,Yossi41,1,2,2,1,2,3,1,2,2,2,3,3,1,1,2,3,1,1,2,3,1,2,2,1,No problems,4/5/2020 15:01
824,Yossi42,1,1,2,2,2,2,3,3,2,1,2,2,2,3,2,1,1,2,3,3,2,2,2,2,No problems,4/5/2020 14:59
825,Yossi43,2,2,2,2,3,3,2,2,3,1,2,2,2,3,2,2,3,2,2,1,3,2,3,2,No problems,4/5/2020 14:57
826,Yossi44,2,3,3,2,2,1,1,3,2,2,2,2,2,2,3,2,3,2,3,2,2,2,2,3,No problems,4/5/2020 14:55
827,Yossi45,3,2,2,3,3,2,2,2,2,1,2,2,2,3,3,2,3,2,1,3,1,1,1,2,No problems,4/5/2020 14:53
828,Yossi46,2,1,3,2,3,2,2,2,2,3,1,2,2,2,1,2,2,2,2,3,2,2,3,1,No problems,4/5/2020 14:51
829,Yossi47,3,2,1,1,1,1,2,3,3,2,2,3,3,1,1,2,2,2,1,3,3,2,3,2,No problems,4/5/2020 14:49
830,Yossi48,3,3,3,3,3,3,2,2,3,3,2,2,3,2,3,3,4,2,4,4,3,3,2,3,No problems,4/5/2020 14:47
831,Yossi49,3,3,4,3,2,4,2,3,3,3,3,3,3,3,3,2,4,3,3,3,2,3,3,2,No problems,4/5/2020 14:45
832,Yossi50,3,4,2,4,3,4,2,4,3,3,3,3,2,3,2,3,3,3,2,3,3,2,3,3,No problems,4/5/2020 14:43
833,Yossi51,3,3,4,4,3,2,3,3,3,2,4,3,2,4,2,3,3,3,3,4,3,4,3,3,No problems,4/5/2020 14:41
834,Yossi52,2,2,3,2,3,4,2,2,4,4,3,4,4,3,4,2,4,4,2,2,3,2,4,3,No problems,4/5/2020 14:39
835,Yossi53,3,3,3,2,3,4,3,3,4,3,3,2,4,3,3,4,2,4,2,4,3,3,3,2,No problems,4/5/2020 14:37
836,Yossi54,2,3,3,2,2,2,3,3,2,4,4,4,3,4,4,4,3,3,2,2,4,3,3,3,No problems,4/5/2020 14:35
837,Yossi55,3,3,3,3,3,4,3,3,3,3,4,2,3,4,2,3,3,2,3,3,4,4,3,4,No problems,4/5/2020 14:33
838,Yossi56,4,3,2,3,4,3,4,3,3,4,2,4,3,4,2,3,4,3,3,2,4,3,4,2,No problems,4/5/2020 14:31
839,Yossi57,2,2,3,4,3,4,3,3,4,3,2,3,2,3,2,4,3,2,2,2,4,4,3,3,No problems,4/5/2020 14:29
840,Yossi58,3,3,3,4,3,4,3,4,2,2,3,4,3,3,4,3,3,4,2,2,4,3,4,4,No problems,4/5/2020 14:27
841,Yossi59,3,3,3,3,3,2,3,3,2,3,3,2,2,2,4,3,3,3,3,3,4,2,3,3,No problems,4/5/2020 14:25
842,Yossi60,2,3,2,3,2,4,2,2,4,4,3,3,4,4,3,2,2,3,3,3,3,2,2,2,No problems,4/5/2020 14:23
843,Yossi61,2,4,2,4,3,3,2,2,3,4,4,3,4,3,4,4,2,3,4,4,3,3,4,4,No problems,4/5/2020 14:21
844,Yossi62,3,2,3,3,3,3,3,4,3,2,2,2,3,2,2,3,3,2,2,3,3,4,3,2,No problems,4/5/2020 14:19
845,Yossi63,2,4,4,4,3,4,3,3,3,3,2,2,3,2,4,3,3,4,3,3,2,3,3,2,No problems,4/5/2020 14:17
846,Yossi64,4,3,2,2,2,2,2,2,4,4,4,3,4,3,2,4,3,3,2,4,3,3,2,4,No problems,4/5/2020 14:15
847,Yossi65,3,4,3,4,3,2,4,2,2,4,4,3,3,3,2,2,4,2,3,4,2,4,2,3,No problems,4/5/2020 14:13
848,Yossi66,2,2,3,2,3,3,3,3,4,3,3,3,3,3,4,3,3,4,4,2,2,2,3,3,No problems,4/5/2020 14:11
849,Yossi67,3,3,3,4,4,3,3,3,3,4,3,4,2,2,2,2,3,3,3,3,3,3,2,4,No problems,4/5/2020 14:09
850,Yossi68,2,2,2,4,4,3,3,3,4,3,3,4,2,3,3,2,4,4,3,3,2,4,3,3,No problems,4/5/2020 14:07
851,Yossi69,3,4,2,3,3,2,4,4,3,4,4,4,3,2,3,3,3,3,4,4,2,4,4,3,No problems,4/5/2020 14:05
852,Yossi70,3,4,2,3,3,2,3,3,2,2,2,3,2,3,3,3,3,3,3,2,3,3,4,2,No problems,4/5/2020 14:03
853,Yossi71,3,4,2,2,3,3,3,4,2,4,3,3,3,2,3,2,3,2,2,4,3,2,4,2,No problems,4/5/2020 14:01
854,Yossi72,2,3,3,3,2,3,2,4,3,3,2,4,3,2,4,2,3,3,3,3,3,4,3,4,No problems,4/5/2020 13:59
855,Yossi73,2,2,3,3,3,3,4,2,4,3,3,3,3,4,3,4,3,4,3,2,3,3,3,3,No problems,4/5/2020 13:57
856,Yossi74,3,3,4,3,2,4,4,2,4,2,2,3,3,3,2,3,3,4,4,2,3,2,3,4,No problems,4/5/2020 13:55
857,Yossi75,4,3,3,4,3,3,3,3,3,4,2,3,3,4,3,3,3,3,3,2,3,4,3,3,No problems,4/5/2020 13:53
858,Yossi76,2,2,3,4,3,4,4,2,3,3,2,3,3,4,4,2,2,4,2,4,3,3,2,2,No problems,4/5/2020 13:51
859,Yossi77,2,3,3,2,4,2,4,4,2,2,3,3,2,3,2,4,3,2,3,2,3,3,3,2,No problems,4/5/2020 13:49
860,Yossi78,3,3,4,3,3,3,2,3,3,3,3,4,4,3,3,4,4,4,4,4,2,3,3,2,No problems,4/5/2020 13:47
861,Yossi79,2,3,3,2,2,3,3,3,3,3,3,3,3,3,3,4,4,3,3,4,3,4,3,3,No problems,4/5/2020 13:45
862,Yossi80,2,3,4,3,4,4,3,4,3,2,3,2,2,3,2,4,3,3,3,3,3,2,3,4,No problems,4/5/2020 13:43
863,Yossi81,4,3,4,3,4,4,3,3,3,4,3,3,4,2,2,4,3,3,2,2,3,2,3,3,No problems,4/5/2020 13:41
864,Yossi82,2,3,2,3,4,2,4,3,3,3,2,4,2,3,4,3,2,2,3,2,3,3,4,2,No problems,4/5/2020 13:39
865,Yossi83,2,3,4,2,2,3,3,3,3,4,3,4,2,4,2,3,3,2,3,3,3,2,3,3,No problems,4/5/2020 13:37
866,Yossi84,3,3,3,3,4,3,3,4,2,3,3,3,3,3,2,3,3,2,3,3,4,4,2,4,No problems,4/5/2020 13:35
867,Yossi85,3,3,4,2,2,3,2,4,3,3,4,3,2,3,4,4,4,4,2,4,4,3,2,3,No problems,4/5/2020 13:33
868,Yossi86,4,4,3,4,2,4,3,3,3,2,4,3,3,3,3,3,3,3,4,2,2,3,3,3,No problems,4/5/2020 13:31
869,Yossi87,2,4,3,3,3,3,3,4,3,3,2,3,3,3,3,2,2,3,4,2,3,3,2,3,No problems,4/5/2020 13:29
870,Yossi88,4,4,4,3,3,4,3,2,4,2,4,3,3,3,3,3,4,3,4,4,3,2,2,3,No problems,4/5/2020 13:27
871,Yossi89,2,3,4,4,2,3,2,3,4,2,3,4,2,3,3,3,4,3,2,4,3,4,3,4,No problems,4/5/2020 13:25
872,Yossi90,5,4,4,4,3,5,4,3,4,3,3,3,4,5,2,4,3,2,2,3,5,5,5,4,No problems,4/5/2020 13:23
873,Yossi91,3,4,3,5,3,2,2,5,3,2,2,2,4,4,5,4,3,5,3,4,3,4,4,4,No problems,4/5/2020 13:21
874,Yossi92,5,4,4,3,2,3,2,2,5,3,3,5,2,3,3,5,3,3,4,4,2,3,3,4,No problems,4/5/2020 13:19
875,Yossi93,3,4,4,4,4,5,4,3,3,5,4,3,3,3,4,4,3,4,3,4,5,5,3,3,No problems,4/5/2020 13:17
876,Yossi94,4,5,2,4,5,2,3,5,4,3,3,4,4,4,4,2,5,4,3,4,2,4,4,3,No problems,4/5/2020 13:15
877,Yossi95,5,5,5,5,2,4,2,3,3,5,4,3,5,4,3,2,3,2,3,5,2,5,4,2,No problems,4/5/2020 13:13
878,Yossi96,3,5,3,3,4,4,3,2,4,5,4,5,2,4,4,4,4,2,3,5,2,4,3,5,No problems,4/5/2020 13:11
879,Yossi97,4,3,2,3,2,3,4,4,4,5,4,2,2,3,4,4,3,5,4,5,4,3,5,3,No problems,4/5/2020 13:09
880,Yossi98,2,4,4,4,5,4,3,4,3,4,3,3,4,2,3,4,4,2,2,3,4,4,3,3,No problems,4/5/2020 13:07
881,Yossi99,3,3,3,3,4,4,4,5,5,3,4,4,3,4,2,2,3,4,4,3,4,3,4,4,No problems,4/5/2020 13:05
882,Yossi100,3,5,3,4,2,3,5,4,3,5,2,5,3,3,3,5,5,3,2,4,5,3,3,3,No problems,4/5/2020 13:03
883,Yossi101,4,4,3,4,4,2,5,2,4,3,3,5,3,4,3,3,4,4,3,3,2,3,4,3,No problems,4/5/2020 13:01
884,Yossi102,5,3,3,5,4,4,5,3,5,4,2,4,3,3,4,3,4,3,2,4,3,5,4,4,No problems,4/5/2020 12:59
885,Yossi103,3,5,4,5,4,3,3,2,4,3,3,3,3,3,3,3,3,3,3,4,4,4,5,2,No problems,4/5/2020 12:57
886,Yossi104,3,3,3,5,2,4,5,3,4,4,3,3,3,4,2,4,4,2,2,2,2,4,4,4,No problems,4/5/2020 12:55
887,Yossi105,4,4,3,5,2,4,2,3,4,2,3,4,5,3,4,3,3,3,5,4,3,2,4,4,No problems,4/5/2020 12:53
888,Yossi106,4,3,4,2,5,4,2,4,3,2,5,3,4,5,4,3,3,4,3,4,2,2,4,2,No problems,4/5/2020 12:51
889,Yossi107,2,3,2,4,4,3,3,3,3,2,3,3,2,3,4,5,4,4,5,5,5,4,3,3,No problems,4/5/2020 12:49
890,Yossi108,3,5,4,3,3,3,2,4,4,2,4,3,2,4,4,4,5,2,4,4,5,2,2,4,No problems,4/5/2020 12:47
891,Yossi109,4,4,3,4,3,2,4,5,3,4,2,5,3,3,3,3,2,3,3,4,3,2,5,4,No problems,4/5/2020 12:45
892,Yossi110,4,5,4,5,4,3,3,4,4,5,5,4,4,2,5,3,4,3,2,2,3,3,5,4,No problems,4/5/2020 12:43
893,Yossi2,3,1,5,4,2,2,4,5,4,4,3,2,3,2,1,4,2,2,2,5,5,3,3,3,No problems,5/5/2020 11:42
894,Yossi3,1,3,2,3,2,2,2,5,5,2,4,5,4,2,3,3,4,3,3,4,2,3,2,2,No problems,4/5/2020 16:17
895,Yossi4,2,2,1,2,1,2,3,1,2,2,2,2,1,2,3,2,1,3,2,2,1,1,2,2,No problems,4/5/2020 16:15
896,Yossi5,2,3,3,2,2,2,2,2,2,1,2,2,2,3,1,3,3,1,1,1,1,2,2,2,No problems,4/5/2020 16:13
897,Yossi6,2,3,2,2,2,1,1,2,1,2,3,2,2,2,2,1,2,1,1,1,2,1,2,2,No problems,4/5/2020 16:11
898,Yossi7,1,2,2,3,2,3,3,2,1,2,3,1,1,1,3,2,2,2,2,2,3,2,2,2,No problems,4/5/2020 16:09
899,Yossi8,2,2,2,2,3,2,3,2,2,2,2,2,2,2,2,2,2,3,3,3,3,2,3,2,No problems,4/5/2020 16:07
900,Yossi9,2,2,3,2,3,2,1,2,1,1,2,3,2,1,2,2,3,3,2,2,2,2,1,3,No problems,4/5/2020 16:05
901,Yossi10,1,2,2,3,1,1,2,2,2,2,1,2,2,2,1,2,3,2,1,2,1,2,2,2,No problems,4/5/2020 16:03
902,Yossi11,3,2,1,2,3,1,3,2,3,3,2,1,2,2,3,2,2,1,2,2,1,2,2,1,No problems,4/5/2020 16:01
903,Yossi12,1,3,1,2,1,1,2,3,1,3,1,3,2,3,2,2,2,2,1,2,1,2,3,2,No problems,4/5/2020 15:59
904,Yossi13,3,2,3,1,3,1,2,1,2,3,2,3,2,2,1,3,2,1,2,2,2,2,3,2,No problems,4/5/2020 15:57
905,Yossi14,3,2,3,2,1,3,2,1,1,1,2,1,3,2,2,1,2,1,3,3,3,1,2,2,No problems,4/5/2020 15:55
906,Yossi15,3,2,3,2,3,3,2,3,2,2,3,3,1,1,2,1,1,2,3,2,2,1,3,2,No problems,4/5/2020 15:53
907,Yossi16,1,2,2,2,3,2,2,2,1,3,2,3,2,2,2,1,2,3,1,2,2,2,3,3,No problems,4/5/2020 15:51
908,Yossi17,1,1,2,1,2,2,3,2,3,2,1,3,2,1,2,2,1,1,1,3,1,3,2,1,No problems,4/5/2020 15:49
909,Yossi18,2,2,1,2,2,2,2,3,2,3,2,2,2,2,1,2,2,2,1,2,2,2,1,3,No problems,4/5/2020 15:47
910,Yossi19,2,1,3,1,1,1,2,1,2,3,2,3,3,2,2,1,1,3,2,2,2,3,2,3,No problems,4/5/2020 15:45
911,Yossi20,1,1,1,2,2,2,2,2,1,2,1,1,3,3,2,1,1,1,2,3,3,2,2,2,No problems,4/5/2020 15:43
912,Yossi21,2,2,3,2,1,3,2,2,3,2,2,2,2,2,2,2,2,2,3,1,3,2,2,3,No problems,4/5/2020 15:41
913,Yossi22,2,2,3,1,3,1,2,2,2,1,1,2,2,2,2,2,2,2,2,2,2,2,1,3,No problems,4/5/2020 15:39
914,Yossi23,2,2,2,3,1,1,1,2,2,1,2,3,2,2,2,1,1,2,1,3,3,1,2,2,No problems,4/5/2020 15:37
915,Yossi24,1,1,1,2,3,1,2,2,2,3,3,1,3,2,1,2,1,3,2,2,3,2,2,2,No problems,4/5/2020 15:35
916,Yossi25,2,1,2,3,2,2,1,2,2,3,2,3,2,1,3,1,1,2,1,2,2,2,2,3,No problems,4/5/2020 15:33
917,Yossi26,2,3,2,1,2,2,2,1,3,1,2,1,2,2,3,1,2,3,1,2,3,2,3,2,No problems,4/5/2020 15:31
918,Yossi27,2,2,2,2,3,3,2,1,2,3,2,1,2,2,1,1,1,3,2,1,2,3,1,1,No problems,4/5/2020 15:29
919,Yossi28,2,3,1,1,3,1,2,1,2,3,2,2,2,2,2,2,1,2,2,2,3,2,1,2,No problems,4/5/2020 15:27
920,Yossi29,2,2,3,2,1,2,1,2,1,3,2,1,2,2,2,2,2,1,2,2,3,1,1,2,No problems,4/5/2020 15:25
921,Yossi30,3,2,1,1,3,3,2,3,3,2,3,3,1,3,3,3,2,2,2,2,3,3,1,3,No problems,4/5/2020 15:23
922,Yossi31,2,2,1,3,1,1,2,2,2,2,3,1,2,1,1,2,1,1,1,1,2,2,2,1,No problems,4/5/2020 15:21
923,Yossi32,3,1,2,2,1,3,1,2,2,2,2,2,2,1,3,2,1,3,2,3,1,3,1,1,No problems,4/5/2020 15:19
924,Yossi33,2,3,2,3,2,2,2,1,2,2,2,2,2,2,3,2,2,3,2,3,1,2,2,2,No problems,4/5/2020 15:17
925,Yossi34,3,3,2,2,1,1,2,1,2,2,2,2,2,1,1,1,3,2,2,3,3,2,3,2,No problems,4/5/2020 15:15
926,Yossi35,1,1,2,2,2,2,1,2,3,1,2,3,2,1,2,2,2,1,2,3,1,2,1,2,No problems,4/5/2020 15:13
927,Yossi36,3,2,2,2,3,2,2,3,1,2,1,2,2,3,2,3,2,2,3,3,1,2,1,1,No problems,4/5/2020 15:11
928,Yossi37,2,2,2,2,3,3,2,2,2,1,1,2,1,2,1,2,3,2,1,3,1,1,2,2,No problems,4/5/2020 15:09
929,Yossi38,2,3,3,2,2,3,1,2,2,1,3,2,1,2,1,2,1,2,2,3,3,2,1,2,No problems,4/5/2020 15:07
930,Yossi39,2,3,1,2,2,1,2,2,2,3,2,3,3,3,1,3,2,1,3,3,2,3,3,1,No problems,4/5/2020 15:05
931,Yossi40,3,2,2,3,3,1,1,2,2,3,2,3,2,1,1,1,1,2,1,1,2,2,2,1,No problems,4/5/2020 15:03
932,Yossi41,1,2,2,1,2,3,1,2,2,2,3,3,1,1,2,3,1,1,2,3,1,2,2,1,No problems,4/5/2020 15:01
933,Yossi42,1,1,2,2,2,2,3,3,2,1,2,2,2,3,2,1,1,2,3,3,2,2,2,2,No problems,4/5/2020 14:59
934,Yossi43,2,2,2,2,3,3,2,2,3,1,2,2,2,3,2,2,3,2,2,1,3,2,3,2,No problems,4/5/2020 14:57
935,Yossi44,2,3,3,2,2,1,1,3,2,2,2,2,2,2,3,2,3,2,3,2,2,2,2,3,No problems,4/5/2020 14:55
936,Yossi45,3,2,2,3,3,2,2,2,2,1,2,2,2,3,3,2,3,2,1,3,1,1,1,2,No problems,4/5/2020 14:53
937,Yossi46,2,1,3,2,3,2,2,2,2,3,1,2,2,2,1,2,2,2,2,3,2,2,3,1,No problems,4/5/2020 14:51
938,Yossi47,3,2,1,1,1,1,2,3,3,2,2,3,3,1,1,2,2,2,1,3,3,2,3,2,No problems,4/5/2020 14:49
939,Yossi48,3,3,3,3,3,3,2,2,3,3,2,2,3,2,3,3,4,2,4,4,3,3,2,3,No problems,4/5/2020 14:47
940,Yossi49,3,3,4,3,2,4,2,3,3,3,3,3,3,3,3,2,4,3,3,3,2,3,3,2,No problems,4/5/2020 14:45
941,Yossi50,3,4,2,4,3,4,2,4,3,3,3,3,2,3,2,3,3,3,2,3,3,2,3,3,No problems,4/5/2020 14:43
942,Yossi51,3,3,4,4,3,2,3,3,3,2,4,3,2,4,2,3,3,3,3,4,3,4,3,3,No problems,4/5/2020 14:41
943,Yossi52,2,2,3,2,3,4,2,2,4,4,3,4,4,3,4,2,4,4,2,2,3,2,4,3,No problems,4/5/2020 14:39
944,Yossi53,3,3,3,2,3,4,3,3,4,3,3,2,4,3,3,4,2,4,2,4,3,3,3,2,No problems,4/5/2020 14:37
945,Yossi54,2,3,3,2,2,2,3,3,2,4,4,4,3,4,4,4,3,3,2,2,4,3,3,3,No problems,4/5/2020 14:35
946,Yossi55,3,3,3,3,3,4,3,3,3,3,4,2,3,4,2,3,3,2,3,3,4,4,3,4,No problems,4/5/2020 14:33
947,Yossi56,4,3,2,3,4,3,4,3,3,4,2,4,3,4,2,3,4,3,3,2,4,3,4,2,No problems,4/5/2020 14:31
948,Yossi57,2,2,3,4,3,4,3,3,4,3,2,3,2,3,2,4,3,2,2,2,4,4,3,3,No problems,4/5/2020 14:29
949,Yossi58,3,3,3,4,3,4,3,4,2,2,3,4,3,3,4,3,3,4,2,2,4,3,4,4,No problems,4/5/2020 14:27
950,Yossi59,3,3,3,3,3,2,3,3,2,3,3,2,2,2,4,3,3,3,3,3,4,2,3,3,No problems,4/5/2020 14:25
951,Yossi60,2,3,2,3,2,4,2,2,4,4,3,3,4,4,3,2,2,3,3,3,3,2,2,2,No problems,4/5/2020 14:23
952,Yossi61,2,4,2,4,3,3,2,2,3,4,4,3,4,3,4,4,2,3,4,4,3,3,4,4,No problems,4/5/2020 14:21
953,Yossi62,3,2,3,3,3,3,3,4,3,2,2,2,3,2,2,3,3,2,2,3,3,4,3,2,No problems,4/5/2020 14:19
954,Yossi63,2,4,4,4,3,4,3,3,3,3,2,2,3,2,4,3,3,4,3,3,2,3,3,2,No problems,4/5/2020 14:17
955,Yossi64,4,3,2,2,2,2,2,2,4,4,4,3,4,3,2,4,3,3,2,4,3,3,2,4,No problems,4/5/2020 14:15
956,Yossi65,3,4,3,4,3,2,4,2,2,4,4,3,3,3,2,2,4,2,3,4,2,4,2,3,No problems,4/5/2020 14:13
957,Yossi66,2,2,3,2,3,3,3,3,4,3,3,3,3,3,4,3,3,4,4,2,2,2,3,3,No problems,4/5/2020 14:11
958,Yossi67,3,3,3,4,4,3,3,3,3,4,3,4,2,2,2,2,3,3,3,3,3,3,2,4,No problems,4/5/2020 14:09
959,Yossi68,2,2,2,4,4,3,3,3,4,3,3,4,2,3,3,2,4,4,3,3,2,4,3,3,No problems,4/5/2020 14:07
960,Yossi69,3,4,2,3,3,2,4,4,3,4,4,4,3,2,3,3,3,3,4,4,2,4,4,3,No problems,4/5/2020 14:05
961,Yossi70,3,4,2,3,3,2,3,3,2,2,2,3,2,3,3,3,3,3,3,2,3,3,4,2,No problems,4/5/2020 14:03
962,Yossi71,3,4,2,2,3,3,3,4,2,4,3,3,3,2,3,2,3,2,2,4,3,2,4,2,No problems,4/5/2020 14:01
963,Yossi72,2,3,3,3,2,3,2,4,3,3,2,4,3,2,4,2,3,3,3,3,3,4,3,4,No problems,4/5/2020 13:59
964,Yossi73,2,2,3,3,3,3,4,2,4,3,3,3,3,4,3,4,3,4,3,2,3,3,3,3,No problems,4/5/2020 13:57
965,Yossi74,3,3,4,3,2,4,4,2,4,2,2,3,3,3,2,3,3,4,4,2,3,2,3,4,No problems,4/5/2020 13:55
966,Yossi75,4,3,3,4,3,3,3,3,3,4,2,3,3,4,3,3,3,3,3,2,3,4,3,3,No problems,4/5/2020 13:53
967,Yossi76,2,2,3,4,3,4,4,2,3,3,2,3,3,4,4,2,2,4,2,4,3,3,2,2,No problems,4/5/2020 13:51
968,Yossi77,2,3,3,2,4,2,4,4,2,2,3,3,2,3,2,4,3,2,3,2,3,3,3,2,No problems,4/5/2020 13:49
969,Yossi78,3,3,4,3,3,3,2,3,3,3,3,4,4,3,3,4,4,4,4,4,2,3,3,2,No problems,4/5/2020 13:47
970,Yossi79,2,3,3,2,2,3,3,3,3,3,3,3,3,3,3,4,4,3,3,4,3,4,3,3,No problems,4/5/2020 13:45
971,Yossi80,2,3,4,3,4,4,3,4,3,2,3,2,2,3,2,4,3,3,3,3,3,2,3,4,No problems,4/5/2020 13:43
972,Yossi81,4,3,4,3,4,4,3,3,3,4,3,3,4,2,2,4,3,3,2,2,3,2,3,3,No problems,4/5/2020 13:41
973,Yossi82,2,3,2,3,4,2,4,3,3,3,2,4,2,3,4,3,2,2,3,2,3,3,4,2,No problems,4/5/2020 13:39
974,Yossi83,2,3,4,2,2,3,3,3,3,4,3,4,2,4,2,3,3,2,3,3,3,2,3,3,No problems,4/5/2020 13:37
975,Yossi84,3,3,3,3,4,3,3,4,2,3,3,3,3,3,2,3,3,2,3,3,4,4,2,4,No problems,4/5/2020 13:35
976,Yossi85,3,3,4,2,2,3,2,4,3,3,4,3,2,3,4,4,4,4,2,4,4,3,2,3,No problems,4/5/2020 13:33
977,Yossi86,4,4,3,4,2,4,3,3,3,2,4,3,3,3,3,3,3,3,4,2,2,3,3,3,No problems,4/5/2020 13:31
978,Yossi87,2,4,3,3,3,3,3,4,3,3,2,3,3,3,3,2,2,3,4,2,3,3,2,3,No problems,4/5/2020 13:29
979,Yossi88,4,4,4,3,3,4,3,2,4,2,4,3,3,3,3,3,4,3,4,4,3,2,2,3,No problems,4/5/2020 13:27
980,Yossi89,2,3,4,4,2,3,2,3,4,2,3,4,2,3,3,3,4,3,2,4,3,4,3,4,No problems,4/5/2020 13:25
981,Yossi90,5,4,4,4,3,5,4,3,4,3,3,3,4,5,2,4,3,2,2,3,5,5,5,4,No problems,4/5/2020 13:23
982,Yossi91,3,4,3,5,3,2,2,5,3,2,2,2,4,4,5,4,3,5,3,4,3,4,4,4,No problems,4/5/2020 13:21
983,Yossi92,5,4,4,3,2,3,2,2,5,3,3,5,2,3,3,5,3,3,4,4,2,3,3,4,No problems,4/5/2020 13:19
984,Yossi93,3,4,4,4,4,5,4,3,3,5,4,3,3,3,4,4,3,4,3,4,5,5,3,3,No problems,4/5/2020 13:17
985,Yossi94,4,5,2,4,5,2,3,5,4,3,3,4,4,4,4,2,5,4,3,4,2,4,4,3,No problems,4/5/2020 13:15
986,Yossi95,5,5,5,5,2,4,2,3,3,5,4,3,5,4,3,2,3,2,3,5,2,5,4,2,No problems,4/5/2020 13:13
987,Yossi96,3,5,3,3,4,4,3,2,4,5,4,5,2,4,4,4,4,2,3,5,2,4,3,5,No problems,4/5/2020 13:11
988,Yossi97,4,3,2,3,2,3,4,4,4,5,4,2,2,3,4,4,3,5,4,5,4,3,5,3,No problems,4/5/2020 13:09
989,Yossi98,2,4,4,4,5,4,3,4,3,4,3,3,4,2,3,4,4,2,2,3,4,4,3,3,No problems,4/5/2020 13:07
990,Yossi99,3,3,3,3,4,4,4,5,5,3,4,4,3,4,2,2,3,4,4,3,4,3,4,4,No problems,4/5/2020 13:05
991,Yossi100,3,5,3,4,2,3,5,4,3,5,2,5,3,3,3,5,5,3,2,4,5,3,3,3,No problems,4/5/2020 13:03
992,Yossi101,4,4,3,4,4,2,5,2,4,3,3,5,3,4,3,3,4,4,3,3,2,3,4,3,No problems,4/5/2020 13:01
993,Yossi102,5,3,3,5,4,4,5,3,5,4,2,4,3,3,4,3,4,3,2,4,3,5,4,4,No problems,4/5/2020 12:59
994,Yossi103,3,5,4,5,4,3,3,2,4,3,3,3,3,3,3,3,3,3,3,4,4,4,5,2,No problems,4/5/2020 12:57
995,Yossi104,3,3,3,5,2,4,5,3,4,4,3,3,3,4,2,4,4,2,2,2,2,4,4,4,No problems,4/5/2020 12:55
996,Yossi105,4,4,3,5,2,4,2,3,4,2,3,4,5,3,4,3,3,3,5,4,3,2,4,4,No problems,4/5/2020 12:53
997,Yossi106,4,3,4,2,5,4,2,4,3,2,5,3,4,5,4,3,3,4,3,4,2,2,4,2,No problems,4/5/2020 12:51
998,Yossi107,2,3,2,4,4,3,3,3,3,2,3,3,2,3,4,5,4,4,5,5,5,4,3,3,No problems,4/5/2020 12:49
999,Yossi108,3,5,4,3,3,3,2,4,4,2,4,3,2,4,4,4,5,2,4,4,5,2,2,4,No problems,4/5/2020 12:47
1000,Yossi109,4,4,3,4,3,2,4,5,3,4,2,5,3,3,3,3,2,3,3,4,3,2,5,4,No problems,4/5/2020 12:45
1001,Yossi110,4,5,4,5,4,3,3,4,4,5,5,4,4,2,5,3,4,3,2,2,3,3,5,4,No problems,4/5/2020 12:43
